time,open,high,low,close,volume,volume_spike,anomaly
13:00:00,0.86792,0.86928,0.8677699999999999,0.868015,27433.41030538084,True,-1
14:00:00,0.86802,0.8687,0.8659600000000001,0.86598,32987.400227308295,True,-1
19:00:00,0.8773,0.87732,0.869515,0.86961,71867.62131008515,True,-1
20:00:00,0.86961,0.87229,0.86904,0.87149,37136.5407075957,True,-1
15:00:00,0.875355,0.8753599999999999,0.872895,0.8741,46367.21075093752,True,-1
12:00:00,0.87303,0.8738999999999999,0.869035,0.871875,62131.88078588255,True,-1
13:00:00,0.8718950000000001,0.875275,0.871625,0.872625,56471.6706038714,True,-1
00:00:00,0.8537950000000001,0.85455,0.85379,0.85408,4377.960091114052,False,-1
01:00:00,0.854095,0.854275,0.85385,0.85391,2299.890063285833,False,-1
02:00:00,0.8539,0.854085,0.8536699999999999,0.85391,3716.940051317221,False,-1
03:00:00,0.85392,0.8541799999999999,0.85373,0.853745,1921.1900448799172,False,-1
04:00:00,0.85373,0.853745,0.853395,0.85356,1735.0700401067768,False,-1
05:00:00,0.853575,0.85389,0.85335,0.8537349999999999,1983.880038142208,False,-1
06:00:00,0.85373,0.853815,0.85286,0.85368,3082.040049314504,False,-1
07:00:00,0.8536600000000001,0.85492,0.8536600000000001,0.8542799999999999,10294.840145468728,False,-1
08:00:00,0.85428,0.85464,0.85293,0.853735,7782.380178213136,False,-1
09:00:00,0.85373,0.853735,0.8516250000000001,0.851945,6089.80012881757,False,-1
10:00:00,0.8519300000000001,0.85324,0.85188,0.85288,6153.990130305303,False,-1
11:00:00,0.8528899999999999,0.8532599999999999,0.85263,0.852895,4786.520098686227,False,-1
12:00:00,0.852885,0.853695,0.85259,0.852885,8344.610109448444,False,-1
13:00:00,0.85286,0.85307,0.8515250000000001,0.8516349999999999,9087.340175986306,False,-1
14:00:00,0.851605,0.85162,0.84988,0.8501099999999999,11958.47020983698,False,-1
15:00:00,0.8501099999999999,0.85028,0.84597,0.84612,20854.17021107677,False,-1
16:00:00,0.846125,0.846125,0.840885,0.84174,32846.90026736264,True,-1
17:00:00,0.84175,0.84397,0.84175,0.84362,13369.850175142305,False,-1
18:00:00,0.843635,0.843985,0.8425750000000001,0.8431,9991.300156950969,False,-1
19:00:00,0.84311,0.843715,0.84214,0.843315,6838.220124840749,False,-1
20:00:00,0.843315,0.8434900000000001,0.84249,0.8426450000000001,4247.720090121039,False,-1
21:00:00,0.842635,0.84333,0.842465,0.84304,6956.429997079084,False,-1
22:00:00,0.843055,0.8436600000000001,0.84265,0.8427,4897.870043359708,False,-1
23:00:00,0.8426800000000001,0.84292,0.8425199999999999,0.84253,15971.710112452516,False,-1
00:00:00,0.843515,0.843615,0.842545,0.84275,9817.130164861694,False,-1
01:00:00,0.84276,0.8428,0.8421799999999999,0.8424799999999999,6968.940127730378,False,-1
02:00:00,0.84249,0.842735,0.8423499999999999,0.84266,10375.910069108017,False,-1
03:00:00,0.842665,0.8434349999999999,0.84259,0.8432550000000001,30601.96008443832,True,-1
04:00:00,0.84325,0.843355,0.843015,0.843305,37700.81995761393,True,-1
05:00:00,0.8432999999999999,0.84355,0.843175,0.8431949999999999,24184.8900834322,True,-1
06:00:00,0.8431850000000001,0.843225,0.84246,0.842715,23044.450100064278,True,-1
07:00:00,0.842735,0.843035,0.84083,0.84136,14163.740107417116,False,-1
08:00:00,0.84135,0.84158,0.8401050000000001,0.8413349999999999,15010.500199675576,False,-1
09:00:00,0.8413200000000001,0.84178,0.839645,0.840255,16376.740215897576,False,-1
10:00:00,0.840265,0.840295,0.8371850000000001,0.837575,22293.77032983306,True,-1
11:00:00,0.837585,0.83887,0.83628,0.83636,16813.03026843073,False,-1
12:00:00,0.836355,0.837865,0.835665,0.837575,15975.030240774173,False,-1
13:00:00,0.837595,0.84022,0.837155,0.84015,20938.98027884962,False,-1
14:00:00,0.84014,0.84053,0.83789,0.83789,21234.20026791098,False,-1
15:00:00,0.8378650000000001,0.841835,0.836225,0.841505,43455.20060050492,True,-1
16:00:00,0.841485,0.84324,0.840515,0.8405549999999999,33009.91044962409,True,-1
17:00:00,0.84057,0.84064,0.838975,0.839205,13820.04022347929,False,-1
18:00:00,0.83924,0.840905,0.83924,0.8402499999999999,15247.730266451856,False,-1
19:00:00,0.84021,0.841635,0.840165,0.84135,11296.800175905242,False,-1
20:00:00,0.8413200000000001,0.84194,0.840645,0.84108,8064.610148243618,False,-1
21:00:00,0.84109,0.841915,0.840965,0.84168,20076.870385736245,False,-1
13:00:00,0.87427,0.877155,0.87232,0.87704,51212.79062592984,True,-1
01:00:00,0.8661000000000001,0.86684,0.866005,0.86651,20448.63033556937,False,-1
07:00:00,0.8661000000000001,0.868395,0.86486,0.86771,31867.04052305224,True,-1
13:00:00,0.8648499999999999,0.86632,0.8639300000000001,0.865135,38640.3905105591,True,-1
14:00:00,0.86512,0.8671150000000001,0.8646100000000001,0.86583,24771.130430102377,True,-1
12:00:00,0.8771899999999999,0.87967,0.8763000000000001,0.877015,52558.67067641025,True,-1
13:00:00,0.8625499999999999,0.863985,0.86239,0.86362,17625.28031778338,False,-1
14:00:00,0.86361,0.863775,0.8628100000000001,0.86324,19712.11033427718,False,-1
18:00:00,0.86374,0.86408,0.85974,0.859865,64917.89132185289,True,-1
19:00:00,0.85985,0.8619,0.85981,0.860015,29274.03042042259,True,-1
20:00:00,0.8600300000000001,0.860995,0.860025,0.86068,7346.540118634711,False,-1
21:00:00,0.86076,0.8612500000000001,0.86064,0.86086,1718.0700374841724,False,-1
22:00:00,0.860715,0.86093,0.860155,0.860905,3633.800045430664,False,-1
13:00:00,0.880925,0.88303,0.879515,0.88236,54479.60073101528,True,-1
00:00:00,0.85608,0.856675,0.856055,0.85632,4832.810087800034,False,-1
01:00:00,0.856325,0.8564700000000001,0.85579,0.85582,7135.890126466764,False,-1
02:00:00,0.85581,0.855985,0.85554,0.855595,5484.3901002407165,False,-1
03:00:00,0.855585,0.855645,0.85497,0.855105,2723.830043077473,False,-1
04:00:00,0.85511,0.85538,0.855015,0.855335,2612.950050592427,False,-1
05:00:00,0.855335,0.85541,0.854865,0.85493,4379.200071215638,False,-1
06:00:00,0.85493,0.85497,0.85441,0.854915,4916.46008837224,False,-1
07:00:00,0.85493,0.85597,0.85473,0.855905,11423.080178380033,False,-1
08:00:00,0.855905,0.8575349999999999,0.85574,0.8575349999999999,19722.920061469096,False,-1
09:00:00,0.85754,0.858,0.85746,0.857475,16565.83997106554,False,-1
10:00:00,0.857475,0.85755,0.85702,0.8572299999999999,8388.100021004679,False,-1
11:00:00,0.85726,0.8577950000000001,0.857185,0.8576900000000001,13462.930021047598,False,-1
12:00:00,0.85768,0.85785,0.8569599999999999,0.85702,9017.100071907053,False,-1
13:00:00,0.85703,0.85711,0.8544849999999999,0.8555200000000001,16534.290117025386,False,-1
14:00:00,0.8555200000000001,0.85575,0.854805,0.85497,15424.64015078546,False,-1
15:00:00,0.854985,0.8555349999999999,0.8538250000000001,0.8554200000000001,18861.88012719156,False,-1
16:00:00,0.855445,0.855845,0.85511,0.855185,5947.670086026201,False,-1
17:00:00,0.8551899999999999,0.85547,0.8547499999999999,0.85521,3243.060051321989,False,-1
18:00:00,0.8552,0.855205,0.8547,0.8549599999999999,5396.680077075966,False,-1
19:00:00,0.8549500000000001,0.8549599999999999,0.85334,0.853495,5680.160096883781,False,-1
20:00:00,0.8534900000000001,0.85351,0.8531599999999999,0.85341,6914.6800981760125,False,-1
21:00:00,0.8534200000000001,0.8537399999999999,0.85318,0.85363,7425.200106315326,False,-1
22:00:00,0.85368,0.8540300000000001,0.85345,0.8539,3897.190067529688,False,-1
23:00:00,0.853905,0.853905,0.853445,0.8537950000000001,4927.390091478832,False,-1
23:00:00,0.857115,0.857115,0.85685,0.857105,101.40000391006504,False,-1
00:00:00,0.857765,0.85794,0.857315,0.85739,5855.780106067667,False,-1
01:00:00,0.8573850000000001,0.85802,0.857305,0.85779,4910.9401178360085,False,-1
02:00:00,0.85778,0.858425,0.8577250000000001,0.85803,7169.600115537654,False,-1
03:00:00,0.85803,0.85815,0.8577349999999999,0.85802,3173.470038294798,False,-1
04:00:00,0.8580099999999999,0.858495,0.85798,0.85822,11467.569954752937,False,-1
05:00:00,0.85823,0.85824,0.8572,0.857255,7322.790108442318,False,-1
06:00:00,0.8572649999999999,0.85997,0.8567199999999999,0.857945,25314.020425483624,True,-1
07:00:00,0.85791,0.8591150000000001,0.856805,0.858625,20303.920308589964,False,-1
08:00:00,0.858635,0.85945,0.858365,0.85899,16296.200245618838,False,-1
09:00:00,0.859,0.85929,0.85716,0.85814,18376.110262513183,False,-1
10:00:00,0.85815,0.8588450000000001,0.85781,0.8588450000000001,15710.320202469844,False,-1
11:00:00,0.85884,0.859165,0.8580749999999999,0.85844,12868.050164699567,False,-1
12:00:00,0.85843,0.85867,0.85762,0.85782,20160.280171394374,False,-1
13:00:00,0.85781,0.8586050000000001,0.85712,0.85804,20296.200283646605,False,-1
14:00:00,0.858045,0.861345,0.858045,0.85956,32645.40034115317,True,-1
15:00:00,0.85955,0.860495,0.85901,0.8598250000000001,16990.880209565184,False,-1
16:00:00,0.85983,0.860225,0.85899,0.85965,9551.46011435987,False,-1
17:00:00,0.859645,0.859945,0.8590899999999999,0.859175,8412.290123820318,False,-1
18:00:00,0.859165,0.85962,0.85875,0.8587549999999999,5121.320086717613,False,-1
19:00:00,0.85875,0.8590500000000001,0.8584499999999999,0.85872,4353.640071034439,False,-1
20:00:00,0.85871,0.859105,0.85833,0.859075,2696.500045478348,False,-1
21:00:00,0.8590850000000001,0.859415,0.8581650000000001,0.8587400000000001,5877.080074667938,False,-1
22:00:00,0.8587499999999999,0.85877,0.858205,0.858205,4191.76006621123,False,-1
23:00:00,0.8582099999999999,0.85833,0.8579749999999999,0.858015,8211.630068063738,False,-1
03:00:00,0.86905,0.870065,0.868615,0.8695299999999999,26963.920605778745,True,-1
12:00:00,0.867965,0.86894,0.86656,0.868325,28951.420566678094,True,-1
14:00:00,0.8684449999999999,0.8684499999999999,0.86612,0.86759,24487.8604934216,True,-1
01:00:00,0.860825,0.86085,0.859545,0.85968,6855.120121002209,False,-1
02:00:00,0.8596550000000001,0.8596550000000001,0.85807,0.8594649999999999,12308.33012986184,False,-1
03:00:00,0.8594900000000001,0.8595600000000001,0.85895,0.859445,3839.4800664186537,False,-1
04:00:00,0.85944,0.85989,0.858815,0.85988,7918.390098094949,False,-1
05:00:00,0.85989,0.86127,0.85982,0.86121,5527.100105404863,False,-1
06:00:00,0.86121,0.86121,0.85991,0.859965,16564.45025181772,False,-1
07:00:00,0.859965,0.86018,0.85646,0.856835,21142.10035234693,False,-1
08:00:00,0.85686,0.8572,0.85559,0.85595,15422.560232877751,False,-1
09:00:00,0.8559399999999999,0.856705,0.85556,0.855985,10434.090198636071,False,-1
10:00:00,0.85598,0.8567899999999999,0.85525,0.85669,12314.710197448749,False,-1
11:00:00,0.856695,0.8572200000000001,0.85645,0.8570800000000001,12825.870194911977,False,-1
12:00:00,0.85707,0.86258,0.8570150000000001,0.861625,86969.91063892846,True,-1
13:00:00,0.86164,0.867205,0.8613200000000001,0.8666050000000001,84128.84090662008,True,-1
14:00:00,0.8666,0.86923,0.8664000000000001,0.868865,40323.61053788666,True,-1
17:00:00,0.8679699999999999,0.868215,0.86611,0.866925,36917.47066164022,True,-1
12:00:00,0.8747,0.87715,0.8735200000000001,0.8766849999999999,41172.520486950925,True,-1
00:00:00,0.856345,0.856395,0.85573,0.856365,4811.230095744143,False,-1
01:00:00,0.856365,0.85651,0.85597,0.856445,4483.160088181504,False,-1
02:00:00,0.85643,0.85659,0.856285,0.856555,7033.500135421765,False,-1
03:00:00,0.85654,0.8569500000000001,0.85631,0.8567400000000001,4218.790102839479,False,-1
04:00:00,0.85673,0.85705,0.8566,0.85702,3331.890076398857,False,-1
05:00:00,0.8570249999999999,0.8573649999999999,0.8570249999999999,0.85724,6363.92012536527,False,-1
06:00:00,0.857255,0.8572949999999999,0.856795,0.857065,3284.780069708831,False,-1
07:00:00,0.85706,0.8571150000000001,0.85619,0.8565050000000001,10702.140187621131,False,-1
08:00:00,0.8564849999999999,0.856645,0.855415,0.856055,16866.010246515296,False,-1
09:00:00,0.856055,0.856055,0.855075,0.85564,21938.540206074733,True,-1
10:00:00,0.855645,0.8558250000000001,0.85358,0.854555,26906.890170574203,True,-1
11:00:00,0.8545750000000001,0.8547450000000001,0.85302,0.853335,36654.260135173805,True,-1
12:00:00,0.85335,0.854905,0.853,0.8546050000000001,37979.840090870886,True,-1
13:00:00,0.854595,0.85652,0.853005,0.8531150000000001,62836.22052347664,True,-1
14:00:00,0.853075,0.85314,0.85141,0.852695,55739.71030426028,True,-1
15:00:00,0.85268,0.85609,0.85234,0.855575,55440.420125484496,True,-1
16:00:00,0.855575,0.8564700000000001,0.8547849999999999,0.8564499999999999,48311.610169887565,True,-1
17:00:00,0.856445,0.856875,0.855775,0.855955,25331.17022407056,True,-1
18:00:00,0.85595,0.8563000000000001,0.8555699999999999,0.8560049999999999,14085.460125565536,False,-1
19:00:00,0.856,0.8573500000000001,0.855805,0.855905,25796.810102343567,True,-1
20:00:00,0.8558950000000001,0.8560749999999999,0.8552649999999999,0.855545,19790.060109734542,False,-1
21:00:00,0.8555550000000001,0.856025,0.855415,0.8559749999999999,16885.820061557013,False,-1
00:00:00,0.85914,0.8594299999999999,0.8587899999999999,0.85883,7325.230108737957,False,-1
01:00:00,0.858835,0.85899,0.85762,0.857685,9674.87010824682,False,-1
02:00:00,0.8577049999999999,0.85781,0.8573,0.857685,5204.95007443429,False,-1
03:00:00,0.85768,0.85792,0.856985,0.85724,3789.7300903797222,False,-1
04:00:00,0.8572500000000001,0.857755,0.85725,0.857755,2269.980076909072,False,-1
05:00:00,0.8577600000000001,0.85873,0.85755,0.858615,6728.720106363309,False,-1
06:00:00,0.85859,0.859815,0.857775,0.85971,13484.000183582331,False,-1
07:00:00,0.859715,0.85984,0.858115,0.8581300000000001,13090.000184655211,False,-1
08:00:00,0.8581449999999999,0.8581449999999999,0.8566199999999999,0.8574900000000001,11843.530171036742,False,-1
09:00:00,0.85748,0.858495,0.8569549999999999,0.85849,10525.29016125204,False,-1
10:00:00,0.85852,0.85939,0.8584400000000001,0.85918,9330.580175519006,False,-1
11:00:00,0.8591850000000001,0.8597349999999999,0.858375,0.859495,6407.370123624814,False,-1
12:00:00,0.8595,0.86182,0.859125,0.86085,17959.30018961432,False,-1
13:00:00,0.86084,0.8618600000000001,0.86054,0.8611,14910.22025549414,False,-1
14:00:00,0.861155,0.863165,0.85995,0.86009,37983.620623707815,True,-1
15:00:00,0.87269,0.8752800000000001,0.871215,0.8739699999999999,32749.65055787568,True,-1
11:00:00,0.8756299999999999,0.876465,0.87418,0.8761950000000001,37022.10047543053,True,-1
12:00:00,0.876215,0.87653,0.8737250000000001,0.8751450000000001,48505.46065115934,True,-1
14:00:00,0.87712,0.87712,0.8742300000000001,0.875685,36989.27058973913,True,-1
00:00:00,0.842515,0.842515,0.84148,0.841835,3669.950086712845,False,-1
01:00:00,0.84184,0.8419449999999999,0.8405549999999999,0.8406549999999999,3790.47008681298,False,-1
02:00:00,0.84066,0.841205,0.84022,0.84067,4760.730105757722,False,-1
03:00:00,0.8406750000000001,0.8409,0.83963,0.83982,3661.930073261267,False,-1
04:00:00,0.83985,0.8405100000000001,0.8394299999999999,0.839935,5146.420056581501,False,-1
05:00:00,0.8399399999999999,0.840565,0.83981,0.84043,4793.670073509223,False,-1
06:00:00,0.84045,0.840885,0.840185,0.8404799999999999,4913.900091171272,False,-1
07:00:00,0.8404849999999999,0.8404849999999999,0.838695,0.8394299999999999,11881.270159602178,False,-1
08:00:00,0.8394349999999999,0.83971,0.8379000000000001,0.83865,20420.930191636104,False,-1
09:00:00,0.838645,0.83918,0.83379,0.83533,23202.080227375045,True,-1
10:00:00,0.8353349999999999,0.83731,0.83531,0.8371500000000001,17811.530202388778,False,-1
11:00:00,0.837145,0.837275,0.83626,0.8364499999999999,10586.080135345468,False,-1
12:00:00,0.83646,0.837395,0.83623,0.8367500000000001,9430.920121908195,False,-1
13:00:00,0.83674,0.83971,0.836375,0.839485,21155.070218205463,False,-1
14:00:00,0.83948,0.8397049999999999,0.835135,0.8351649999999999,26206.190246820464,True,-1
15:00:00,0.83514,0.83744,0.83328,0.8361350000000001,30275.020296812072,True,-1
16:00:00,0.83613,0.8399099999999999,0.83612,0.839675,18232.96022808553,False,-1
17:00:00,0.83968,0.8411150000000001,0.839645,0.84085,14003.370162367828,False,-1
18:00:00,0.840865,0.84267,0.84057,0.842585,16568.60019803049,False,-1
19:00:00,0.842605,0.844595,0.842205,0.84344,13669.070156097425,False,-1
20:00:00,0.843445,0.8443350000000001,0.84324,0.84409,8019.110128097247,False,-1
21:00:00,0.844085,0.84511,0.8439650000000001,0.84483,5134.6300712972925,False,-1
22:00:00,0.844785,0.84507,0.84404,0.845005,1700.000026613474,False,-1
23:00:00,0.845,0.845005,0.843495,0.84353,13546.580186426654,False,-1
00:00:00,0.8580099999999999,0.858255,0.85715,0.85726,8535.840093612682,False,-1
01:00:00,0.857255,0.857375,0.8562449999999999,0.85658,11276.610155820865,False,-1
02:00:00,0.856565,0.85668,0.85619,0.85626,9303.04011690618,False,-1
03:00:00,0.856265,0.856745,0.856125,0.85622,7274.220067739498,False,-1
04:00:00,0.8562099999999999,0.85653,0.8561300000000001,0.8564700000000001,5355.540083289155,False,-1
05:00:00,0.85648,0.856805,0.8561449999999999,0.85629,13482.690110921874,False,-1
06:00:00,0.8562799999999999,0.8579399999999999,0.8561000000000001,0.8573,13424.54017877581,False,-1
07:00:00,0.8572949999999999,0.8588,0.85658,0.8584799999999999,19104.550302982367,False,-1
08:00:00,0.858475,0.858545,0.85773,0.858155,12493.240218877816,False,-1
09:00:00,0.858185,0.85849,0.8576699999999999,0.85816,11799.56019306185,False,-1
10:00:00,0.85815,0.85898,0.8578699999999999,0.85862,8706.160160899177,False,-1
11:00:00,0.8586100000000001,0.85914,0.8582799999999999,0.85906,14131.13019108774,False,-1
12:00:00,0.859055,0.8629100000000001,0.859055,0.8624499999999999,32551.52046561245,True,-1
13:00:00,0.862465,0.8633200000000001,0.861575,0.86165,26500.47042405609,True,-1
14:00:00,0.86162,0.8665849999999999,0.8615200000000001,0.86537,30612.720537543333,True,-1
13:00:00,0.8632949999999999,0.8644499999999999,0.862865,0.86375,15618.39023470881,False,-1
14:00:00,0.863745,0.864665,0.86085,0.86128,23459.87043273452,True,-1
15:00:00,0.86128,0.8622650000000001,0.859305,0.859695,24861.18038463596,True,-1
16:00:00,0.8597049999999999,0.861235,0.859685,0.861,15838.310190200826,False,-1
20:00:00,0.86081,0.8611850000000001,0.86069,0.860715,3195.560063004499,False,-1
21:00:00,0.86073,0.8611249999999999,0.860725,0.860935,2908.970033101741,False,-1
22:00:00,0.860915,0.86095,0.86029,0.8606750000000001,11348.68026557567,False,-1
23:00:00,0.86067,0.861,0.860575,0.860705,23352.33013892176,True,-1
08:00:00,0.8715649999999999,0.87323,0.8676550000000001,0.869175,53500.36076527837,True,-1
09:00:00,0.8691800000000001,0.8718250000000001,0.8689,0.87102,33323.310587763815,True,-1
13:00:00,0.8675299999999999,0.87123,0.86751,0.86969,45105.91078269489,True,-1
14:00:00,0.8696999999999999,0.870725,0.8672,0.8672500000000001,33911.020645618504,True,-1
15:00:00,0.86724,0.8686100000000001,0.86541,0.86606,25932.120438098947,True,-1
00:00:00,0.857105,0.85781,0.8568899999999999,0.857665,212.10000598430696,False,-1
22:00:00,0.85485,0.85669,0.85485,0.85643,327.2900052070621,False,-1
23:00:00,0.85574,0.85634,0.855485,0.856085,15167.52011030916,False,-1
00:00:00,0.8607100000000001,0.8610450000000001,0.8604149999999999,0.8606849999999999,3720.720079660423,False,-1
01:00:00,0.8606750000000001,0.86119,0.86061,0.860995,5001.120087385187,False,-1
04:00:00,0.86131,0.861375,0.86107,0.86131,3307.7000639438693,False,-1
05:00:00,0.861305,0.86154,0.8611800000000001,0.86134,2349.2500449419063,False,-1
06:00:00,0.8613299999999999,0.861645,0.861205,0.86127,2757.420055508619,False,-1
07:00:00,0.861255,0.861625,0.86018,0.86096,14743.550267815615,False,-1
08:00:00,0.86094,0.8622799999999999,0.8607400000000001,0.861475,12349.040254712128,False,-1
15:00:00,0.8611200000000001,0.86255,0.8605,0.86104,16841.27026689055,False,-1
22:00:00,0.86275,0.863055,0.862515,0.86269,1005.9100046455884,False,-1
15:00:00,0.87561,0.875685,0.8684499999999999,0.8701749999999999,44600.87047946457,True,-1
16:00:00,0.8701650000000001,0.87271,0.8691599999999999,0.87251,32590.96054661278,True,-1
12:00:00,0.877555,0.877785,0.872425,0.872965,73330.31077462442,True,-1
13:00:00,0.87299,0.8731450000000001,0.8699399999999999,0.8710549999999999,62364.61062863474,True,-1
18:00:00,0.8815,0.88237,0.8811899999999999,0.88139,61088.849401622974,True,-1
19:00:00,0.88139,0.88225,0.8812,0.8819600000000001,96687.41882273548,True,-1
12:00:00,0.86285,0.8640049999999999,0.861745,0.8622449999999999,26985.94037437444,True,-1
13:00:00,0.8622350000000001,0.8627549999999999,0.859605,0.8596550000000001,23570.340389490168,True,-1
14:00:00,0.859665,0.860295,0.858725,0.859075,18130.94034802917,False,-1
15:00:00,0.8590899999999999,0.86005,0.858985,0.85964,9016.510185837764,False,-1
16:00:00,0.85964,0.85978,0.858295,0.85866,8827.37014997007,False,-1
17:00:00,0.8586750000000001,0.85894,0.85826,0.85889,5876.800113201152,False,-1
18:00:00,0.8589,0.85911,0.8583350000000001,0.858695,3715.940079331407,False,-1
19:00:00,0.858715,0.8590949999999999,0.858555,0.85904,5771.11010181905,False,-1
20:00:00,0.8590500000000001,0.8591500000000001,0.8586750000000001,0.858825,3797.9100475907385,False,-1
21:00:00,0.8588,0.85978,0.858775,0.859085,5868.699990630154,False,-1
22:00:00,0.85901,0.85957,0.85855,0.8590800000000001,3760.440049737698,False,-1
23:00:00,0.8591,0.85927,0.858795,0.8591500000000001,8153.10002648831,False,-1
13:00:00,0.87521,0.880745,0.87506,0.879515,47903.28071972732,True,-1
14:00:00,0.8690899999999999,0.869135,0.866525,0.86714,26083.950420379675,True,-1
21:00:00,0.8603099999999999,0.862365,0.8603099999999999,0.862365,432.2499952316287,False,-1
23:00:00,0.861925,0.8623000000000001,0.861875,0.862055,15603.800006628053,False,-1
15:00:00,0.87621,0.87621,0.87219,0.87222,44128.130555987394,True,-1
16:00:00,0.872205,0.873205,0.86978,0.87063,51829.79065406326,True,-1
13:00:00,0.8664000000000001,0.8698950000000001,0.8663000000000001,0.86928,28366.0304435492,True,-1
14:00:00,0.869275,0.869415,0.8672249999999999,0.867795,38197.77054250246,True,-1
03:00:00,0.861055,0.86136,0.860975,0.86136,3156.500038743026,False,-1
04:00:00,0.861375,0.861515,0.8610249999999999,0.8610500000000001,2796.450044870382,False,-1
06:00:00,0.8607899999999999,0.861255,0.860035,0.8602449999999999,10783.56018793585,False,-1
07:00:00,0.8602350000000001,0.86065,0.859305,0.8593299999999999,8950.46019661428,False,-1
08:00:00,0.859375,0.85963,0.8578399999999999,0.85904,8172.520176649107,False,-1
09:00:00,0.85907,0.8591,0.8579399999999999,0.85806,10340.620161890994,False,-1
10:00:00,0.858055,0.8592,0.857955,0.859065,5574.040098309527,False,-1
11:00:00,0.859075,0.8594299999999999,0.8587199999999999,0.85934,6111.880101084721,False,-1
12:00:00,0.8593649999999999,0.861475,0.8590450000000001,0.860455,20796.190132975607,False,-1
13:00:00,0.8604350000000001,0.8630800000000001,0.860325,0.8611,20776.17019426826,False,-1
14:00:00,0.86107,0.861135,0.85992,0.860285,10763.390207171458,False,-1
15:00:00,0.8602700000000001,0.86127,0.859915,0.8602700000000001,5441.080113291751,False,-1
16:00:00,0.860275,0.860575,0.8598950000000001,0.860525,3063.6700654029914,False,-1
17:00:00,0.860545,0.8608450000000001,0.8598300000000001,0.860275,3134.0900591611926,False,-1
18:00:00,0.8602799999999999,0.86029,0.85973,0.85993,2159.5600461959884,False,-1
19:00:00,0.85993,0.860155,0.85973,0.8599399999999999,2298.990042448048,False,-1
20:00:00,0.85995,0.8607,0.85995,0.8605,3033.000046312813,False,-1
21:00:00,0.860415,0.860935,0.8601000000000001,0.8604849999999999,15546.680051565174,False,-1
22:00:00,0.86049,0.860565,0.860095,0.860375,2288.9000146389035,False,-1
23:00:00,0.8603799999999999,0.8604700000000001,0.860255,0.8603799999999999,2052.4400181770343,False,-1
00:00:00,0.860385,0.8607450000000001,0.859755,0.86008,3123.1600798368527,False,-1
01:00:00,0.8600749999999999,0.860235,0.858885,0.859685,9035.550078868882,False,-1
02:00:00,0.859675,0.8597600000000001,0.85916,0.85921,5583.340086698543,False,-1
03:00:00,0.8592200000000001,0.85961,0.85863,0.85873,3283.950067877777,False,-1
04:00:00,0.8587199999999999,0.8587800000000001,0.85849,0.8586400000000001,3714.23005211354,False,-1
05:00:00,0.858625,0.85903,0.857945,0.8589549999999999,4813.430060796448,False,-1
06:00:00,0.85894,0.860455,0.858,0.858,16006.320173859618,False,-1
07:00:00,0.85799,0.858705,0.85681,0.8575649999999999,17222.440257191683,False,-1
08:00:00,0.85756,0.85972,0.85755,0.85924,13642.750226497676,False,-1
09:00:00,0.859245,0.859345,0.8583099999999999,0.858365,7983.4001517295965,False,-1
10:00:00,0.85835,0.85872,0.8576600000000001,0.85774,7455.110162854208,False,-1
11:00:00,0.85773,0.85875,0.85744,0.857685,8883.300178647058,False,-1
12:00:00,0.857665,0.859835,0.855505,0.85748,54973.37040865427,True,-1
13:00:00,0.85745,0.85948,0.8566400000000001,0.85866,57837.04042279727,True,-1
14:00:00,0.858665,0.859065,0.85738,0.85771,30600.3205384836,True,-1
15:00:00,0.85769,0.85853,0.85686,0.85822,10806.000208482166,False,-1
16:00:00,0.858215,0.85957,0.857815,0.8594900000000001,5444.010095238697,False,-1
17:00:00,0.859515,0.859685,0.858425,0.85851,3655.630063533791,False,-1
18:00:00,0.8585400000000001,0.85873,0.85714,0.85737,2729.320062518126,False,-1
19:00:00,0.85738,0.85802,0.85738,0.85778,6934.300070524225,False,-1
20:00:00,0.85777,0.8581799999999999,0.857505,0.85805,3683.6900444030825,False,-1
21:00:00,0.85819,0.85819,0.857415,0.857755,4674.890081830331,False,-1
22:00:00,0.85774,0.857755,0.857345,0.85751,4570.890052318578,False,-1
23:00:00,0.85751,0.8578250000000001,0.85746,0.857775,8219.120009779937,False,-1
08:00:00,0.86652,0.8665799999999999,0.86496,0.86639,23599.46042299273,True,-1
13:00:00,0.865,0.865875,0.86411,0.865375,23231.6202709675,True,-1
20:00:00,0.866105,0.866285,0.865795,0.865935,23820.049947738626,True,-1
07:00:00,0.8720300000000001,0.87429,0.8720300000000001,0.8737900000000001,46148.830214977286,True,-1
14:00:00,0.8757699999999999,0.87736,0.87425,0.87511,47149.510542273565,True,-1
06:00:00,0.861475,0.8624400000000001,0.8614649999999999,0.86227,3442.3300877809606,False,-1
11:00:00,0.86172,0.861745,0.8590500000000001,0.859085,8438.580156803144,False,-1
12:00:00,0.859055,0.85964,0.8581000000000001,0.85873,11179.800142645852,False,-1
13:00:00,0.8587400000000001,0.859615,0.8562350000000001,0.857985,26833.93038225178,True,-1
14:00:00,0.85799,0.8587,0.8563149999999999,0.8573500000000001,25090.220331430468,True,-1
15:00:00,0.857355,0.85922,0.8567199999999999,0.85685,32221.060338616404,True,-1
16:00:00,0.856855,0.8578950000000001,0.8563799999999999,0.857755,22253.120241642024,True,-1
17:00:00,0.85776,0.858835,0.85776,0.85816,11349.70017278196,False,-1
18:00:00,0.85815,0.858885,0.85788,0.8582749999999999,9886.160125136388,False,-1
19:00:00,0.8582650000000001,0.8582650000000001,0.856735,0.856975,6987.370085954674,False,-1
20:00:00,0.8569800000000001,0.85729,0.8563000000000001,0.856305,8798.030095547445,False,-1
21:00:00,0.8563149999999999,0.85643,0.85606,0.856205,4185.510067239408,False,-1
22:00:00,0.8562000000000001,0.856815,0.85605,0.85625,8805.890128254914,False,-1
23:00:00,0.8562000000000001,0.856385,0.85602,0.856355,14053.910172343269,False,-1
21:00:00,1.222775,1.222985,1.2222400000000002,1.222955,980.1099977716804,False,-1
22:00:00,1.22295,1.2230150000000002,1.2226050000000002,1.2226050000000002,1761.8800073787572,False,-1
23:00:00,1.22261,1.22284,1.2225,1.222505,1952.2700114101176,False,-1
08:00:00,1.218725,1.22085,1.218725,1.2208450000000002,26462.080107711263,True,-1
09:00:00,1.22084,1.22228,1.220405,1.222,27495.46012971551,True,-1
10:00:00,1.22199,1.22358,1.22181,1.22281,26936.43010177464,True,-1
11:00:00,1.222805,1.223785,1.222315,1.22295,19069.41008842737,False,-1
12:00:00,1.22296,1.2236950000000002,1.22242,1.2225700000000002,17621.030089460317,False,-1
13:00:00,1.22258,1.223415,1.22114,1.221225,25118.700116194792,True,-1
14:00:00,1.221235,1.224285,1.220895,1.224125,33746.3501822278,True,-1
15:00:00,1.2241300000000002,1.22434,1.2218,1.222315,39228.5101998821,True,-1
16:00:00,1.222325,1.2233200000000002,1.221635,1.222915,25595.750076323755,True,-1
17:00:00,1.22289,1.22387,1.221165,1.22125,30113.550081044443,True,-1
18:00:00,1.221275,1.22138,1.21604,1.218025,54062.26010280103,True,-1
19:00:00,1.218005,1.21932,1.2174649999999998,1.2185700000000002,26126.920006163426,True,-1
14:00:00,1.211135,1.2112500000000002,1.20586,1.20683,46060.9600622207,True,-1
15:00:00,1.206835,1.20983,1.2067899999999998,1.2091150000000002,43176.4400221035,True,-1
13:00:00,1.0264799999999998,1.027505,1.01534,1.02126,111212.16924250127,True,-1
12:00:00,1.21874,1.218915,1.21565,1.215835,29193.83003274352,True,-1
00:00:00,1.22692,1.2272500000000002,1.2256749999999998,1.225775,11155.310045450928,False,-1
01:00:00,1.22578,1.226,1.2235,1.224815,20194.91011202336,False,-1
02:00:00,1.22482,1.22606,1.224565,1.226,13364.850092306737,False,-1
03:00:00,1.22601,1.2264849999999998,1.225895,1.2262,9782.390076935297,False,-1
04:00:00,1.226195,1.2263449999999998,1.225625,1.22633,7375.440064288678,False,-1
05:00:00,1.226325,1.2268249999999998,1.225695,1.22578,9355.800057768824,False,-1
06:00:00,1.225775,1.2268249999999998,1.225765,1.226355,8191.990051604809,False,-1
07:00:00,1.22635,1.226915,1.223245,1.223915,18883.100085213784,False,-1
08:00:00,1.2239049999999998,1.2239049999999998,1.22133,1.222375,33030.900116868324,True,-1
09:00:00,1.222385,1.224085,1.2217600000000002,1.224005,23806.71009969712,True,-1
10:00:00,1.22405,1.22448,1.223605,1.223935,14435.760081037884,False,-1
11:00:00,1.22394,1.22538,1.223245,1.22506,14725.830056905748,False,-1
12:00:00,1.2250649999999998,1.225275,1.224545,1.22487,17577.6700867191,False,-1
13:00:00,1.2248549999999998,1.228465,1.223435,1.22716,44488.23009873182,True,-1
14:00:00,1.22712,1.2283499999999998,1.2243499999999998,1.225025,38818.75003485382,True,-1
15:00:00,1.225,1.22582,1.222225,1.225505,43942.16007000954,True,-1
16:00:00,1.22552,1.2263449999999998,1.223665,1.2251599999999998,39738.88004851342,True,-1
17:00:00,1.2252,1.22532,1.22243,1.22289,19290.160023555163,False,-1
18:00:00,1.222885,1.222885,1.21931,1.219515,18757.070006817583,False,-1
21:00:00,1.22262,1.22273,1.22168,1.22204,15421.710483841598,False,-1
13:00:00,0.97732,0.979985,0.97305,0.973715,141767.92920471728,True,-1
14:00:00,0.973705,0.975415,0.970745,0.975355,160927.15902857485,True,-1
08:00:00,1.217845,1.219985,1.217835,1.21903,27878.910140723,True,-1
14:00:00,1.214475,1.215805,1.2133850000000002,1.213755,37786.050187237575,True,-1
12:00:00,1.017725,1.017975,1.003035,1.003735,119708.65952912718,True,-1
05:00:00,1.22314,1.224265,1.223075,1.2239399999999998,4241.1300260722655,False,-1
06:00:00,1.22395,1.2245149999999998,1.223545,1.2238250000000002,9258.51003791392,False,-1
07:00:00,1.22383,1.224515,1.221635,1.22212,14700.97002474964,False,-1
13:00:00,1.22078,1.223875,1.220365,1.22289,23060.18002072722,True,-1
14:00:00,1.2228750000000002,1.223125,1.2211850000000002,1.221615,20378.93004212529,False,-1
18:00:00,1.22082,1.221095,1.216875,1.2171150000000002,28162.86001940072,True,-1
12:00:00,1.221775,1.2234,1.22171,1.22212,15763.23004791886,False,-1
13:00:00,1.222125,1.22232,1.221145,1.22119,16909.30004063249,False,-1
21:00:00,1.22226,1.222575,1.22216,1.2225,959.4100072383884,False,-1
22:00:00,1.2224849999999998,1.22254,1.222195,1.222425,1777.790007516742,False,-1
23:00:00,1.2224050000000002,1.2225700000000002,1.222165,1.2222499999999998,1570.9000094681985,False,-1
15:00:00,1.03855,1.0388350000000002,1.029475,1.02984,119716.7190634385,True,-1
18:00:00,1.031495,1.037895,1.03063,1.037215,126794.84867592902,True,-1
14:00:00,1.2128549999999998,1.214255,1.2122000000000002,1.212965,36592.64002691955,True,-1
18:00:00,1.21138,1.21138,1.20082,1.2018,71041.99998872727,True,-1
00:00:00,1.22528,1.225705,1.22472,1.2255699999999998,9678.060051187877,False,-1
01:00:00,1.225575,1.22631,1.225505,1.22571,11699.570052146912,False,-1
02:00:00,1.22572,1.22731,1.22571,1.22705,10185.91004917771,False,-1
03:00:00,1.22705,1.22769,1.226775,1.227305,12000.900071077052,False,-1
04:00:00,1.227295,1.227295,1.226615,1.2269100000000002,9511.94004610926,False,-1
05:00:00,1.226905,1.22735,1.226725,1.227245,9580.26006767154,False,-1
06:00:00,1.2272500000000002,1.2274500000000002,1.22667,1.22697,11732.82006685436,False,-1
07:00:00,1.226965,1.227105,1.225525,1.2258300000000002,19685.66008166969,False,-1
08:00:00,1.225835,1.227885,1.225825,1.2274349999999998,27653.91006444395,True,-1
09:00:00,1.22743,1.2284000000000002,1.2268599999999998,1.22723,18683.34003122896,False,-1
10:00:00,1.227235,1.22843,1.22716,1.22773,15159.49002597481,False,-1
11:00:00,1.227725,1.229065,1.22768,1.2283149999999998,15661.170027799906,False,-1
12:00:00,1.228295,1.228475,1.2266,1.227255,20805.3300370425,False,-1
13:00:00,1.22724,1.2276,1.22605,1.226255,21501.680041737854,True,-1
14:00:00,1.22626,1.2278600000000002,1.2259250000000002,1.226435,29170.440086923543,True,-1
15:00:00,1.22646,1.228265,1.22539,1.22755,39177.79009535165,True,-1
16:00:00,1.2275550000000002,1.22967,1.227315,1.22947,27877.99004138261,True,-1
17:00:00,1.229475,1.23053,1.229275,1.22995,21071.520000338554,False,-1
18:00:00,1.22994,1.23049,1.22926,1.229345,14731.210031203927,False,-1
19:00:00,1.229365,1.230395,1.22898,1.230355,11464.850035749378,False,-1
20:00:00,1.2303350000000002,1.230575,1.229285,1.229375,10047.805003263058,False,-1
21:00:00,1.22938,1.229945,1.2289599999999998,1.22979,3482.9650033041835,False,-1
22:00:00,1.22982,1.23022,1.229305,1.22968,1747.044998217374,False,-1
23:00:00,1.2296550000000002,1.230175,1.22948,1.22987,5423.630026102068,False,-1
12:00:00,1.217645,1.2194699999999998,1.215145,1.21861,46172.99001470208,True,-1
13:00:00,1.218615,1.21933,1.214345,1.2182149999999998,33721.89006657899,True,-1
10:00:00,0.954375,0.96027,0.95385,0.95743,170485.7777612135,True,-1
11:00:00,0.95742,0.95752,0.955045,0.956605,128280.89884093408,True,-1
07:00:00,1.21544,1.21553,1.212895,1.213485,34236.9701088518,True,-1
11:00:00,1.2114,1.212395,1.20927,1.2107,42103.32005958259,True,-1
13:00:00,1.211475,1.21252,1.21058,1.212355,39048.85004589707,True,-1
14:00:00,1.21236,1.213785,1.21161,1.212475,45166.36005811393,True,-1
15:00:00,1.212495,1.21414,1.210925,1.21389,60551.88007824868,True,-1
16:00:00,1.213855,1.214005,1.209035,1.209175,45747.37001593411,True,-1
00:00:00,1.229875,1.2326199999999998,1.22921,1.230905,20702.560067839924,False,-1
01:00:00,1.2309100000000002,1.231535,1.22812,1.22893,36042.15012954921,True,-1
02:00:00,1.228935,1.229375,1.227685,1.227895,18594.160105548803,False,-1
03:00:00,1.22788,1.22953,1.2275649999999998,1.22859,16890.280087381605,False,-1
04:00:00,1.228585,1.23065,1.228375,1.22918,19403.59010174871,False,-1
05:00:00,1.229175,1.230585,1.22917,1.22966,12856.010051481428,False,-1
06:00:00,1.22967,1.23219,1.229665,1.231655,14441.74005366862,False,-1
07:00:00,1.231645,1.23453,1.231255,1.2339600000000002,32099.83012742549,True,-1
08:00:00,1.23399,1.234045,1.23222,1.2324700000000002,31304.41012533009,True,-1
09:00:00,1.23246,1.233905,1.232075,1.2338399999999998,29140.630096681416,True,-1
10:00:00,1.233825,1.23444,1.2333150000000002,1.23382,22890.58005657047,True,-1
11:00:00,1.23383,1.23492,1.233355,1.233755,21664.01004783809,True,-1
12:00:00,1.233745,1.234945,1.23299,1.23402,24067.6600946635,True,-1
13:00:00,1.233985,1.234495,1.231675,1.23196,28560.690095700327,True,-1
14:00:00,1.231955,1.232075,1.229245,1.23096,49920.01014906914,True,-1
15:00:00,1.23094,1.2317749999999998,1.227535,1.22823,34684.54011417925,True,-1
16:00:00,1.22822,1.22926,1.226565,1.2289750000000002,30742.860041782264,True,-1
17:00:00,1.22898,1.23042,1.22853,1.22989,15727.819985397162,False,-1
18:00:00,1.22987,1.23176,1.2296399999999998,1.231045,13261.69001360983,False,-1
19:00:00,1.2310599999999998,1.23161,1.22978,1.2307,28531.28001995385,True,-1
20:00:00,1.23068,1.233985,1.23068,1.2323849999999998,29685.0950068608,True,-1
21:00:00,1.2324000000000002,1.23314,1.23218,1.232655,7267.169997863473,False,-1
22:00:00,1.232695,1.2331,1.232345,1.232785,1443.1189977973695,False,-1
23:00:00,1.232785,1.234,1.2326899999999998,1.233835,5179.210012309254,False,-1
13:00:00,0.975775,0.980705,0.97519,0.979755,201273.1181323454,True,-1
14:00:00,0.97978,0.98171,0.97656,0.97972,190724.63887600604,True,-1
15:00:00,0.97971,0.98565,0.977985,0.9855,208420.2486239225,True,-1
23:00:00,1.223005,1.223445,1.222855,1.22326,1097.0100010707977,False,-1
13:00:00,1.21433,1.21731,1.21406,1.21514,34551.650064647205,True,-1
14:00:00,1.21513,1.215735,1.21365,1.21501,32190.30009181053,True,-1
00:00:00,1.2250100000000002,1.2250100000000002,1.223875,1.2240799999999998,14295.320099622017,False,-1
01:00:00,1.22409,1.22558,1.224,1.22527,18006.600103981797,False,-1
02:00:00,1.225265,1.225865,1.224955,1.2254,14908.310090444986,False,-1
03:00:00,1.22541,1.225785,1.224865,1.22551,13288.310054019094,False,-1
04:00:00,1.225515,1.225515,1.224375,1.2249,9788.51005347818,False,-1
05:00:00,1.224905,1.22594,1.2241499999999998,1.225535,12462.120065830652,False,-1
06:00:00,1.22555,1.22579,1.22422,1.2256399999999998,17542.890120431784,False,-1
07:00:00,1.225635,1.226905,1.22541,1.226395,22486.610119067136,True,-1
08:00:00,1.22638,1.228625,1.22621,1.22813,26087.68014478684,True,-1
09:00:00,1.228135,1.2300650000000002,1.227915,1.22934,24934.18013259769,True,-1
10:00:00,1.229355,1.22998,1.228975,1.229235,20525.97005719692,False,-1
11:00:00,1.22924,1.229955,1.229135,1.229325,18536.590077169243,False,-1
12:00:00,1.22932,1.2306149999999998,1.228705,1.2303350000000002,21648.140124320988,True,-1
13:00:00,1.23034,1.230515,1.22864,1.22987,27433.13012173027,True,-1
14:00:00,1.22989,1.23097,1.228375,1.22893,40471.53015090525,True,-1
15:00:00,1.228935,1.22909,1.22604,1.2271800000000002,44262.740136779845,True,-1
16:00:00,1.227175,1.22775,1.225245,1.22536,39148.900091417134,True,-1
17:00:00,1.2253699999999998,1.226125,1.225005,1.2253150000000002,27284.66006387025,True,-1
18:00:00,1.225305,1.2256749999999998,1.224265,1.225105,20053.48003104329,False,-1
19:00:00,1.2250800000000002,1.225245,1.22439,1.225215,12998.420008204876,False,-1
20:00:00,1.225205,1.2252200000000002,1.2241499999999998,1.224925,14327.01499401033,False,-1
21:00:00,1.22493,1.2252649999999998,1.22418,1.224835,7017.535010017455,False,-1
22:00:00,1.2248,1.225285,1.224445,1.22508,1420.5114968940616,False,-1
23:00:00,1.22506,1.22536,1.22473,1.225275,5249.950014807285,False,-1
22:00:00,1.224035,1.22426,1.22316,1.223435,3329.51013201382,False,-1
23:00:00,1.223415,1.22528,1.223115,1.225015,10899.520025812091,False,-1
07:00:00,1.223245,1.224155,1.222765,1.224155,9877.140020914378,False,-1
08:00:00,1.2241499999999998,1.2241499999999998,1.2213349999999998,1.223005,12724.570028148592,False,-1
13:00:00,1.2224849999999998,1.224185,1.22158,1.223905,13425.950037501756,False,-1
14:00:00,1.2239,1.22544,1.223685,1.224605,24027.510041810576,True,-1
15:00:00,1.22463,1.2251249999999998,1.224055,1.224055,9611.68001573533,False,-1
16:00:00,1.22406,1.224285,1.223245,1.2233,7289.510028049352,False,-1
03:00:00,1.22235,1.222615,1.2220749999999998,1.222305,1847.29000684619,False,-1
13:00:00,1.213365,1.21523,1.212655,1.2146249999999998,34806.160123117275,True,-1
06:00:00,1.222375,1.22533,1.222035,1.22459,16595.600035533313,False,-1
07:00:00,1.22458,1.2262300000000002,1.2244000000000002,1.225595,17910.24003813416,False,-1
08:00:00,1.225585,1.226185,1.2244000000000002,1.225895,15410.970023877922,False,-1
09:00:00,1.225905,1.22619,1.225275,1.225515,8852.420026756825,False,-1
10:00:00,1.225505,1.2258650000000002,1.2247750000000002,1.224815,8411.720009863378,False,-1
11:00:00,1.2248,1.2260749999999998,1.224625,1.225585,8922.250018745663,False,-1
12:00:00,1.2256200000000002,1.226645,1.2250100000000002,1.225375,9361.820009455088,False,-1
13:00:00,1.225395,1.2257,1.22409,1.224785,14410.920030318204,False,-1
14:00:00,1.224765,1.22541,1.224055,1.22462,15189.540024727588,False,-1
15:00:00,1.224605,1.224875,1.22304,1.223275,11578.800034657124,False,-1
17:00:00,1.22397,1.224985,1.223795,1.2247750000000002,7780.04001093656,False,-1
18:00:00,1.224795,1.22571,1.22463,1.22559,5937.710021905602,False,-1
19:00:00,1.2256,1.2256,1.224615,1.224745,4174.759993612767,False,-1
20:00:00,1.224735,1.225265,1.224595,1.22511,2830.7799996659164,False,-1
21:00:00,1.22505,1.225735,1.224875,1.225005,3664.8500203266735,False,-1
22:00:00,1.225015,1.225515,1.22495,1.225345,2611.635012179613,False,-1
23:00:00,1.22536,1.22539,1.224625,1.2247,2057.9700027704243,False,-1
14:00:00,1.01698,1.016995,1.01252,1.01303,97214.41948302092,True,-1
18:00:00,1.03851,1.03888,1.029335,1.030935,122389.31933649632,True,-1
19:00:00,1.03094,1.036585,1.028015,1.036415,120032.1694309786,True,-1
14:00:00,1.216145,1.217495,1.21538,1.216405,30923.400058373816,True,-1
12:00:00,1.21185,1.214665,1.207195,1.21299,44375.38002543896,True,-1
13:00:00,1.212985,1.2152150000000002,1.2091349999999998,1.210105,46377.27009344847,True,-1
13:00:00,0.97502,0.97692,0.974185,0.974885,124510.26935216042,True,-1
12:00:00,1.20665,1.214635,1.205825,1.2129,43813.58004909754,True,-1
13:00:00,1.212895,1.213295,1.21021,1.212125,37679.38005005569,True,-1
00:00:00,1.2247050000000002,1.225385,1.224465,1.22452,4486.020014576616,False,-1
01:00:00,1.224525,1.22484,1.22424,1.22438,6098.770031176509,False,-1
02:00:00,1.224365,1.2253150000000002,1.2242,1.22498,7581.450030222537,False,-1
03:00:00,1.22497,1.226055,1.22497,1.2258,4842.420019529762,False,-1
04:00:00,1.2257950000000002,1.22612,1.2256049999999998,1.225965,3663.570013992489,False,-1
05:00:00,1.22597,1.226295,1.22555,1.225585,3517.6600116416826,False,-1
06:00:00,1.225575,1.2256550000000002,1.22434,1.2249249999999998,11277.260037414731,False,-1
07:00:00,1.224935,1.224975,1.223275,1.224415,11486.450035862626,False,-1
08:00:00,1.22439,1.2248450000000002,1.223255,1.22409,10332.120035372676,False,-1
09:00:00,1.2240799999999998,1.224715,1.223765,1.2245050000000002,10351.590022906665,False,-1
10:00:00,1.224495,1.224495,1.223305,1.223855,7776.960024595262,False,-1
11:00:00,1.223865,1.2239749999999998,1.22251,1.222685,10321.930023223164,False,-1
13:00:00,1.22197,1.2234850000000002,1.221775,1.2228249999999998,15868.450044535104,False,-1
14:00:00,1.22282,1.223985,1.221665,1.221695,13844.84004606307,False,-1
00:00:00,1.233855,1.2344499999999998,1.233005,1.23326,12062.07006490976,False,-1
01:00:00,1.2332649999999998,1.233725,1.232835,1.23305,13484.710065811876,False,-1
02:00:00,1.233065,1.233245,1.231885,1.2324700000000002,13909.25005140901,False,-1
03:00:00,1.23248,1.232875,1.23238,1.23276,7684.160036548974,False,-1
04:00:00,1.23277,1.23314,1.23241,1.23248,5922.890035659077,False,-1
05:00:00,1.232485,1.23255,1.23109,1.23127,9205.760052114729,False,-1
06:00:00,1.231275,1.23249,1.23074,1.23206,12382.16004545242,False,-1
07:00:00,1.23205,1.23257,1.230815,1.23112,19694.02006925643,False,-1
08:00:00,1.231115,1.231715,1.229285,1.22945,33587.15006165207,True,-1
09:00:00,1.229445,1.2295699999999998,1.2264,1.226895,29430.83002187312,True,-1
10:00:00,1.22687,1.22743,1.2245149999999998,1.2249599999999998,26373.260006353263,True,-1
11:00:00,1.224965,1.226635,1.224795,1.225685,16705.640016444027,False,-1
12:00:00,1.225695,1.227335,1.22509,1.226755,16824.660016678277,False,-1
13:00:00,1.226765,1.227855,1.226185,1.22687,22933.290053084496,True,-1
14:00:00,1.226865,1.228265,1.2253349999999998,1.2259250000000002,38127.9501239434,True,-1
15:00:00,1.22592,1.22678,1.224635,1.22593,37963.34013008327,True,-1
16:00:00,1.22594,1.227735,1.225905,1.2264,22171.74004525692,True,-1
17:00:00,1.226375,1.22714,1.22548,1.2265700000000002,14454.660039000217,False,-1
18:00:00,1.226585,1.227915,1.2263000000000002,1.227425,11142.860027797522,False,-1
19:00:00,1.22743,1.22757,1.22641,1.226775,9453.570018947124,False,-1
20:00:00,1.22677,1.227205,1.226315,1.22656,8383.090009652078,False,-1
21:00:00,1.2265549999999998,1.22771,1.22629,1.22717,5965.255005821586,False,-1
22:00:00,1.227185,1.22734,1.226255,1.226625,2721.395587922074,False,-1
23:00:00,1.22658,1.22721,1.226565,1.22692,5582.290013685823,False,-1
13:00:00,0.966825,0.9702,0.964535,0.969405,156642.35893735292,True,-1
14:00:00,0.96943,0.97262,0.96757,0.9718,140686.6888866723,True,-1
15:00:00,0.97181,0.97991,0.971085,0.97791,145779.29892655465,True,-1
12:00:00,1.211305,1.2174649999999998,1.211205,1.216765,43537.830024957664,True,-1
18:00:00,1.1909200000000002,1.19854,1.1909200000000002,1.19773,58341.06996701658,True,-1
13:00:00,0.994895,1.015985,0.994235,1.01226,126951.96928968282,True,-1
14:00:00,1.01229,1.01678,1.010995,1.01641,164704.55891470614,True,-1
15:00:00,1.016425,1.018535,1.014215,1.01812,135536.94930617514,True,-1
13:00:00,1.12398,1.1246,1.12168,1.122675,96741.16944682598,True,-1
07:00:00,1.222595,1.22359,1.22098,1.22166,18143.5600206703,False,-1
15:00:00,1.2142149999999998,1.21665,1.21368,1.215935,32337.88013818116,True,-1
