time,open,high,low,close,volume,volume_spike,price_change,high_low_range,price_volatility,anomaly,event_type
14:00:00,1.001375,1.005005,1.001345,1.0048,124757.63905325536,True,0.0034303176164534044,0.003655083912138171,0.01576898839631422,-1,Major Market Move
12:00:00,0.979715,0.98511,0.975165,0.984745,133210.11942033473,True,0.005139275908176977,0.010198274138222857,0.050948869872328675,-1,Major Market Move
13:00:00,0.984715,0.988155,0.98396,0.986665,135360.56934327635,True,0.0019497433345689874,0.004263384690434632,0.05096044556486604,-1,Major Market Move
14:00:00,0.98666,0.99406,0.986045,0.992925,110953.1893630773,True,0.006344605311833229,0.008128432272360903,0.051011829844907826,-1,Major Market Move
12:00:00,1.221775,1.2234,1.22171,1.22212,15763.23004791886,False,0.0002782825058520455,0.0013833070041171548,0.04923364464737404,-1,Volatility Event
13:00:00,1.222125,1.22232,1.221145,1.22119,16909.30004063249,False,-0.0007609727359015883,0.0009622116947620047,0.04930042581798086,-1,Volatility Event
09:00:00,1.217325,1.21747,1.21441,1.21477,26105.43021667749,True,-0.00210706173731956,0.002519742096985419,0.033100350262618546,-1,Major Market Move
00:00:00,1.229875,1.2326199999999998,1.22921,1.230905,20702.560067839924,False,0.22816618939764322,0.0027741394879637437,0.0542762009310932,-1,Volatility Event
01:00:00,1.2309100000000002,1.231535,1.22812,1.22893,36042.15012954921,True,-0.0016045105024350415,0.0027806728984137914,0.05427797183259755,-1,Major Market Move
02:00:00,1.228935,1.229375,1.227685,1.227895,18594.160105548803,False,-0.0008421960567324138,0.0013765746099367439,0.05427957968625617,-1,Volatility Event
03:00:00,1.22788,1.22953,1.2275649999999998,1.22859,16890.280087381605,False,0.0005660093086135021,0.001600729900249858,0.05427527147236744,-1,Volatility Event
04:00:00,1.228585,1.23065,1.228375,1.22918,19403.59010174871,False,0.0004802252989197786,0.0018520402971405532,0.054256655573708616,-1,Volatility Event
05:00:00,1.229175,1.230585,1.22917,1.22966,12856.010051481428,False,0.00039050423859809946,0.0011511833188248524,0.054249791973342044,-1,Volatility Event
06:00:00,1.22967,1.23219,1.229665,1.231655,14441.74005366862,False,0.0016223996877184899,0.0020534047891091383,0.054241129014059516,-1,Volatility Event
07:00:00,1.231645,1.23453,1.231255,1.2339600000000002,32099.83012742549,True,0.0018714656295799603,0.002659887675582976,0.05423151034470557,-1,Major Market Move
08:00:00,1.23399,1.234045,1.23222,1.2324700000000002,31304.41012533009,True,-0.0012074945703264284,0.0014810666926360272,0.05424177336285847,-1,Major Market Move
09:00:00,1.23246,1.233905,1.232075,1.2338399999999998,29140.630096681416,True,0.0011115889230566278,0.0014852991903901939,0.054233978723060246,-1,Major Market Move
10:00:00,1.233825,1.23444,1.2333150000000002,1.23382,22890.58005657047,True,-1.620955715486705e-05,0.0009121757215308501,0.054232637774504155,-1,Hidden Accumulation
11:00:00,1.23383,1.23492,1.233355,1.233755,21664.01004783809,True,-5.268191470386707e-05,0.0012688966274917105,0.05423313452280496,-1,Hidden Accumulation
12:00:00,1.233745,1.234945,1.23299,1.23402,24067.6600946635,True,0.00021479142941660534,0.0015855765253570012,0.05423003295802956,-1,Hidden Accumulation
13:00:00,1.233985,1.234495,1.231675,1.23196,28560.690095700327,True,-0.0016693408534707022,0.0022895650232405648,0.05424425879752133,-1,Major Market Move
14:00:00,1.231955,1.232075,1.229245,1.23096,49920.01014906914,True,-0.000811714666060448,0.002302226163214095,0.0538689900240394,-1,Hidden Accumulation
15:00:00,1.23094,1.2317749999999998,1.227535,1.22823,34684.54011417925,True,-0.0022177812439072575,0.003454076665838285,0.05389148413955133,-1,Major Market Move
16:00:00,1.22822,1.22926,1.226565,1.2289750000000002,30742.860041782264,True,0.0006065639171817239,0.0021971929738742865,0.05388733802944822,-1,Hidden Accumulation
17:00:00,1.22898,1.23042,1.22853,1.22989,15727.819985397162,False,0.0007445228747531285,0.001538423970110758,0.051031997981068285,-1,Volatility Event
18:00:00,1.22987,1.23176,1.2296399999999998,1.231045,13261.69001360983,False,0.000939108375545894,0.0017240818450929719,0.05102787468715049,-1,Volatility Event
19:00:00,1.2310599999999998,1.23161,1.22978,1.2307,28531.28001995385,True,-0.0002802497065501619,0.0014880710370960644,0.05103325351026874,-1,Hidden Accumulation
20:00:00,1.23068,1.233985,1.23068,1.2323849999999998,29685.0950068608,True,0.0013691395140975615,0.0026855071992720396,0.0011450650053023324,-1,Major Market Move
21:00:00,1.2324000000000002,1.23314,1.23218,1.232655,7267.169997863473,False,0.00021908737934994704,0.0007791069486599765,0.0010760102472221458,-1,Other
22:00:00,1.232695,1.2331,1.232345,1.232785,1443.1189977973695,False,0.00010546341028105921,0.0006126531125618728,0.0010504939760824302,-1,Other
23:00:00,1.232785,1.234,1.2326899999999998,1.233835,5179.210012309254,False,0.0008517300259169858,0.0010627164980653242,0.001057662240947426,-1,Other
13:00:00,0.975775,0.980705,0.97519,0.979755,201273.1181323454,True,0.00406851919224005,0.005655308196351529,0.03533459464984505,-1,Major Market Move
14:00:00,0.97978,0.98171,0.97656,0.97972,190724.63887600604,True,-3.5723216518457335e-05,0.005273613500450549,0.03534565747570991,-1,Hidden Accumulation
15:00:00,0.97971,0.98565,0.977985,0.9855,208420.2486239225,True,0.005899644796472536,0.007837543520606179,0.03543623688429536,-1,Major Market Move
16:00:00,0.985505,0.9868,0.982505,0.98391,157228.63937598467,True,-0.0016133942161340453,0.004371479025552082,0.0354190479302665,-1,Major Market Move
14:00:00,0.996945,0.99826,0.99391,0.995065,109762.24897972496,True,-0.0018807551106386766,0.004376653821774684,0.011595712402879205,-1,Major Market Move
13:00:00,1.21558,1.21576,1.212335,1.213345,32778.90015837551,True,-0.0018468398061848301,0.002825126718275074,0.014108156052372704,-1,Major Market Move
09:00:00,1.21481,1.21489,1.21196,1.212265,30940.7300464511,True,-0.0021031922424722405,0.0024175715370145048,0.05022897520385234,-1,Major Market Move
14:00:00,1.211135,1.2112500000000002,1.20586,1.20683,46060.9600622207,True,-0.003546289606770503,0.004469838953112491,0.05024345361300485,-1,Major Market Move
15:00:00,1.206835,1.20983,1.2067899999999998,1.2091150000000002,43176.4400221035,True,0.0018933901212268012,0.002519079541593943,0.050242372741395376,-1,Major Market Move
15:00:00,0.99961,1.0047899999999998,0.999385,1.00275,112766.56041315946,True,0.0031362074398644246,0.005408326120564029,0.03849022310953751,-1,Major Market Move
18:00:00,0.98811,0.9976,0.98734,0.988495,166249.78838706017,True,0.00041494405845643456,0.010391557113051276,0.003586164816677725,-1,Hidden Accumulation
19:00:00,0.988485,0.990485,0.982265,0.982875,117426.32890839876,True,-0.005685410649522771,0.008368413819081301,0.0037434052692765984,-1,Major Market Move
07:00:00,0.953925,0.95873,0.953925,0.957765,98612.15944259617,True,0.0040202111266025575,0.005037083628167779,0.026695565104117507,-1,Major Market Move
08:00:00,0.957785,0.95886,0.954565,0.95564,97848.38998629898,True,-0.002218707094120087,0.004499431678303781,0.02670423603770997,-1,Major Market Move
10:00:00,0.954375,0.96027,0.95385,0.95743,170485.7777612135,True,0.0031695139903920033,0.006730618021701506,0.026747949058844867,-1,Major Market Move
11:00:00,0.95742,0.95752,0.955045,0.956605,128280.89884093408,True,-0.0008616817939692822,0.0025915009240402337,0.026737875768279854,-1,Hidden Accumulation
12:00:00,0.956595,0.959655,0.955995,0.9585,140447.32914285362,True,0.0019809639297305726,0.0038284719062338154,0.026754860759472556,-1,Major Market Move
13:00:00,0.958475,0.96376,0.957565,0.960505,143895.64950577915,True,0.002091810119979165,0.006469534705215782,0.026773925745848384,-1,Major Market Move
14:00:00,0.960495,0.96384,0.959365,0.963135,141663.73968640715,True,0.0027381429560491277,0.004664543734657828,0.026808266319548378,-1,Major Market Move
15:00:00,0.96313,0.968825,0.962395,0.967905,104227.18960106374,True,0.004952576741578341,0.006681248343975235,0.026881628051292093,-1,Major Market Move
12:00:00,0.97873,0.98037,0.97262,0.97503,116205.58984363078,True,-0.0037905878987269936,0.007968168452221754,0.021715596009912668,-1,Major Market Move
13:00:00,0.97502,0.97692,0.974185,0.974885,124510.26935216042,True,-0.00014871337292177156,0.002807474966253887,0.021737786790778854,-1,Hidden Accumulation
14:00:00,0.97489,0.97913,0.97444,0.97861,123392.41973264515,True,0.003820963498258667,0.004813020811953504,0.02180906300841638,-1,Major Market Move
14:00:00,1.219735,1.22117,1.219205,1.220155,18314.980018503968,False,0.00034023644383252005,0.0016117059887385586,0.056225934260306504,-1,Volatility Event
14:00:00,0.976765,0.98279,0.976765,0.981375,127717.16935677828,True,0.004745377480189106,0.006168320936970569,0.02640827872358317,-1,Major Market Move
08:00:00,1.218725,1.22085,1.218725,1.2208450000000002,26462.080107711263,True,0.0017354130939586376,0.0017436255102668218,0.008372425004022648,-1,Major Market Move
09:00:00,1.22084,1.22228,1.220405,1.222,27495.46012971551,True,0.0009460660444198243,0.0015363752197017147,0.008351530407903516,-1,Hidden Accumulation
10:00:00,1.22199,1.22358,1.22181,1.22281,26936.43010177464,True,0.0006628477905072927,0.0014486704152035317,0.008336197672671223,-1,Hidden Accumulation
11:00:00,1.222805,1.223785,1.222315,1.22295,19069.41008842737,False,0.00011449039507360759,0.0012026359817230911,0.008334576289715186,-1,Other
12:00:00,1.22296,1.2236950000000002,1.22242,1.2225700000000002,17621.030089460317,False,-0.0003107240688497992,0.0010430130397082321,0.00834336044611008,-1,Other
13:00:00,1.22258,1.223415,1.22114,1.221225,25118.700116194792,True,-0.0011001415051899999,0.0018630132499140371,0.008359129784315118,-1,Major Market Move
14:00:00,1.221235,1.224285,1.220895,1.224125,33746.3501822278,True,0.0023746647833118306,0.002776651554802013,0.00834505624416911,-1,Major Market Move
15:00:00,1.2241300000000002,1.22434,1.2218,1.222315,39228.5101998821,True,-0.0014786071683854374,0.002078899983630698,0.008375100707362942,-1,Major Market Move
16:00:00,1.222325,1.2233200000000002,1.221635,1.222915,25595.750076323755,True,0.0004908718292746528,0.0013792990541365944,0.008365269655990775,-1,Hidden Accumulation
17:00:00,1.22289,1.22387,1.221165,1.22125,30113.550081044443,True,-0.0013615010037492103,0.00221509787784612,0.008389616279721627,-1,Major Market Move
18:00:00,1.221275,1.22138,1.21604,1.218025,54062.26010280103,True,-0.002640736949846456,0.0043913029176671,0.008442282454753107,-1,Major Market Move
19:00:00,1.218005,1.21932,1.2174649999999998,1.2185700000000002,26126.920006163426,True,0.00044744565998255936,0.0015236577642890451,0.008435835815374696,-1,Hidden Accumulation
12:00:00,1.211305,1.2174649999999998,1.211205,1.216765,43537.830024957664,True,0.0044992425587069285,0.005168406669390987,0.026394596191429427,-1,Major Market Move
04:00:00,1.2257950000000002,1.22612,1.2256049999999998,1.225965,3663.570013992489,False,0.00013460597161030208,0.00042020063560467303,0.028961723915541356,-1,Volatility Event
05:00:00,1.22597,1.226295,1.22555,1.225585,3517.6600116416826,False,-0.0003099599091328509,0.0006078903349516509,0.02895684696325179,-1,Volatility Event
13:00:00,1.22197,1.2234850000000002,1.221775,1.2228249999999998,15868.450044535104,False,0.0006710283509476778,0.0013996030365657345,0.02895214028146941,-1,Volatility Event
08:00:00,1.217845,1.219985,1.217835,1.21903,27878.910140723,True,0.0009689206388305838,0.0017654279931190156,0.033229130040787355,-1,Hidden Accumulation
14:00:00,1.214475,1.215805,1.2133850000000002,1.213755,37786.050187237575,True,-0.0005722755156656323,0.0019944205672559547,0.03327707964008271,-1,Hidden Accumulation
13:00:00,1.2224849999999998,1.224185,1.22158,1.223905,13425.950037501756,False,0.0011697580727620949,0.002132484159858518,0.0033801768716862353,-1,Other
14:00:00,1.2239,1.22544,1.223685,1.224605,24027.510041810576,True,0.0005719398155901168,0.001434192623101675,0.003378433539496452,-1,Hidden Accumulation
00:00:00,1.233855,1.2344499999999998,1.233005,1.23326,12062.07006490976,False,0.27076013147997413,0.0011719336093526942,0.060560628597923,-1,Volatility Event
01:00:00,1.2332649999999998,1.233725,1.232835,1.23305,13484.710065811876,False,-0.00017028039505051495,0.0007219133136227131,0.06056969611988527,-1,Volatility Event
02:00:00,1.233065,1.233245,1.231885,1.2324700000000002,13909.25005140901,False,-0.0004703783301567288,0.0011039991557653742,0.06057594200777858,-1,Volatility Event
03:00:00,1.23248,1.232875,1.23238,1.23276,7684.160036548974,False,0.00023529984502657086,0.0004016618250863469,0.0605555305912643,-1,Volatility Event
04:00:00,1.23277,1.23314,1.23241,1.23248,5922.890035659077,False,-0.00022713261299855958,0.000592335342945852,0.06055368158281794,-1,Volatility Event
06:00:00,1.231275,1.23249,1.23074,1.23206,12382.16004545242,False,0.0006416139433267354,0.0014219087703334094,0.06057301832442756,-1,Volatility Event
07:00:00,1.23205,1.23257,1.230815,1.23112,19694.02006925643,False,-0.0007629498563380688,0.0014258844749210492,0.06057208034997203,-1,Volatility Event
08:00:00,1.231115,1.231715,1.229285,1.22945,33587.15006165207,True,-0.001356488400805822,0.00197675884762275,0.060585346446850194,-1,Major Market Move
09:00:00,1.229445,1.2295699999999998,1.2264,1.226895,29430.83002187312,True,-0.002078165033144841,0.002584801043705068,0.06059243638192156,-1,Major Market Move
10:00:00,1.22687,1.22743,1.2245149999999998,1.2249599999999998,26373.260006353263,True,-0.0015771520790289761,0.0023805343340018077,0.06062403306314921,-1,Major Market Move
11:00:00,1.224965,1.226635,1.224795,1.225685,16705.640016444027,False,0.0005918560606061884,0.00150229222033062,0.060604270018792324,-1,Volatility Event
12:00:00,1.225695,1.227335,1.22509,1.226755,16824.660016678277,False,0.0008729812309036244,0.001832518427217635,0.06058582172422449,-1,Volatility Event
13:00:00,1.226765,1.227855,1.226185,1.22687,22933.290053084496,True,9.374324946698209e-05,0.0013619478300581382,0.06059301725842939,-1,Hidden Accumulation
14:00:00,1.226865,1.228265,1.2253349999999998,1.2259250000000002,38127.9501239434,True,-0.0007702527570155882,0.002391182819392329,0.060610363672795375,-1,Hidden Accumulation
15:00:00,1.22592,1.22678,1.224635,1.22593,37963.34013008327,True,4.078552929165369e-06,0.0017515422962760853,0.060614475793889566,-1,Hidden Accumulation
16:00:00,1.22594,1.227735,1.225905,1.2264,22171.74004525692,True,0.00038338241172009013,0.0014927747256108738,0.060612128991324656,-1,Hidden Accumulation
17:00:00,1.226375,1.22714,1.22548,1.2265700000000002,14454.660039000217,False,0.0001386170906720885,0.0013545712700329625,0.06061307174807342,-1,Volatility Event
22:00:00,1.227185,1.22734,1.226255,1.226625,2721.395587922074,False,-0.00044411124783039213,0.0008848078091424725,0.0008177785215677919,-1,Other
07:00:00,1.222595,1.22359,1.22098,1.22166,18143.5600206703,False,-0.0007811126151732184,0.002137627151959902,0.03262994183885543,-1,Volatility Event
08:00:00,1.22033,1.220785,1.2185700000000002,1.219115,18868.630094714463,False,-0.0009833526589446695,0.0018177043583871716,0.007950044916437896,-1,Other
14:00:00,1.216145,1.217495,1.21538,1.216405,30923.400058373816,True,0.0002261271410126664,0.0017401964817588648,0.007957063701474984,-1,Hidden Accumulation
15:00:00,1.2164,1.2180650000000002,1.215735,1.2159650000000002,29873.9200219214,True,-0.0003617216305422666,0.0019165360872230915,0.007965760949714231,-1,Hidden Accumulation
18:00:00,1.1909200000000002,1.19854,1.1909200000000002,1.19773,58341.06996701658,True,0.00576471724334815,0.006398414671010426,0.024182139949483906,-1,Major Market Move
13:00:00,0.97732,0.979985,0.97305,0.973715,141767.92920471728,True,-0.0036886587811566507,0.007127074662144827,0.010265043301794086,-1,Major Market Move
14:00:00,0.973705,0.975415,0.970745,0.975355,160927.15902857485,True,0.0016842710649420667,0.004810738144414922,0.010296693098754153,-1,Major Market Move
08:00:00,0.98456,0.99075,0.984095,0.98795,145039.11981879923,True,0.0034482583502191133,0.0067625584928284015,0.016176181165092035,-1,Major Market Move
12:00:00,1.20665,1.214635,1.205825,1.2129,43813.58004909754,True,0.005183794736645986,0.007306201148591201,0.013673530886540424,-1,Major Market Move
13:00:00,1.212895,1.213295,1.21021,1.212125,37679.38005005569,True,-0.0006389644653311821,0.0025491443633749553,0.013693307782903069,-1,Hidden Accumulation
07:00:00,1.22383,1.224515,1.221635,1.22212,14700.97002474964,False,-0.0013931730435315925,0.0023574963061798277,0.03227363948404848,-1,Volatility Event
13:00:00,1.22078,1.223875,1.220365,1.22289,23060.18002072722,True,0.0017243003477271923,0.0028761886812553,0.03224399356902738,-1,Major Market Move
14:00:00,1.2228750000000002,1.223125,1.2211850000000002,1.221615,20378.93004212529,False,-0.0010426121728038806,0.0015886208887267944,0.032255860590652705,-1,Volatility Event
18:00:00,1.22082,1.221095,1.216875,1.2171150000000002,28162.86001940072,True,-0.0030307622367024,0.0034678993323062047,0.03235346253430313,-1,Major Market Move
07:00:00,0.987065,0.989615,0.986355,0.98754,107959.46902076904,True,0.0004964287523427924,0.0033050980630706397,0.029749325056872295,-1,Hidden Accumulation
08:00:00,0.98347,0.984295,0.98165,0.983495,112188.95914179836,True,3.050439009011363e-05,0.0026944430295930406,0.01574891651255313,-1,Hidden Accumulation
13:00:00,0.984365,0.989095,0.98269,0.987545,144577.25857149813,True,0.003250892725619625,0.00651782352522158,0.01574419481363008,-1,Major Market Move
14:00:00,0.987575,0.989375,0.985415,0.988535,158099.6484010369,True,0.0010024859626649452,0.004018611447968585,0.01564900565674784,-1,Major Market Move
15:00:00,0.988535,0.98914,0.986365,0.98739,114254.73885235938,True,-0.0011582796764910697,0.0028133601658614934,0.015651104240461587,-1,Major Market Move
12:00:00,0.974475,0.97485,0.96316,0.966835,120844.73922844978,True,-0.007855391025048952,0.012137131940695189,0.03212876241129391,-1,Major Market Move
13:00:00,0.966825,0.9702,0.964535,0.969405,156642.35893735292,True,0.002658157803554939,0.005873296458915353,0.03216540750802682,-1,Major Market Move
14:00:00,0.96943,0.97262,0.96757,0.9718,140686.6888866723,True,0.0024705876284938366,0.005219260621970502,0.032214199904230335,-1,Major Market Move
15:00:00,0.97181,0.97991,0.971085,0.97791,145779.29892655465,True,0.006287301913973975,0.009087772954993613,0.03233900917381482,-1,Major Market Move
14:00:00,0.967445,0.967645,0.96353,0.964775,112700.16959347576,True,-0.0027443846066381727,0.0042707544134588235,0.04353006877819025,-1,Major Market Move
15:00:00,0.96477,0.965675,0.960965,0.962,128936.13905637711,True,-0.0028763183125599667,0.004901323149126131,0.04350726183841463,-1,Major Market Move
16:00:00,0.96201,0.962955,0.960795,0.96216,93672.65942791104,True,0.00016632016632023294,0.0022481382605030738,0.04350704003650086,-1,Hidden Accumulation
15:00:00,1.03855,1.0388350000000002,1.029475,1.02984,119716.7190634385,True,-0.008377144837945494,0.009092012919206641,0.008308875115053172,-1,Major Market Move
18:00:00,1.031495,1.037895,1.03063,1.037215,126794.84867592902,True,0.005535600893839643,0.00704908648108446,0.008517092351356639,-1,Major Market Move
03:00:00,1.22705,1.22769,1.226775,1.227305,12000.900071077052,False,0.00020781549244142106,0.0007458580424283174,0.02646184514803998,-1,Volatility Event
06:00:00,1.2272500000000002,1.2274500000000002,1.22667,1.22697,11732.82006685436,False,-0.00022407913660271728,0.0006358678373158429,0.026477503405826067,-1,Volatility Event
07:00:00,1.226965,1.227105,1.225525,1.2258300000000002,19685.66008166969,False,-0.0009291180713462133,0.0012892433854877826,0.026481594176368414,-1,Volatility Event
08:00:00,1.225835,1.227885,1.225825,1.2274349999999998,27653.91006444395,True,0.0013093169525950632,0.0016805008871575884,0.026486658683629965,-1,Major Market Move
09:00:00,1.22743,1.2284000000000002,1.2268599999999998,1.22723,18683.34003122896,False,-0.00016701495394855215,0.001255236946351107,0.026489575435991203,-1,Volatility Event
10:00:00,1.227235,1.22843,1.22716,1.22773,15159.49002597481,False,0.00040742159171469616,0.0010349098732030724,0.026463653596188498,-1,Volatility Event
11:00:00,1.227725,1.229065,1.22768,1.2283149999999998,15661.170027799906,False,0.00047648913034614715,0.001128144141795883,0.026469263220900867,-1,Volatility Event
12:00:00,1.228295,1.228475,1.2266,1.227255,20805.3300370425,False,-0.0008629708177461115,0.0015286156856351468,0.02647909825571083,-1,Volatility Event
13:00:00,1.22724,1.2276,1.22605,1.226255,21501.680041737854,True,-0.0008148265845320246,0.0012642225031605076,0.026492676720536006,-1,Hidden Accumulation
14:00:00,1.22626,1.2278600000000002,1.2259250000000002,1.226435,29170.440086923543,True,0.0001467883923000901,0.0015783999836858043,0.026488668510258124,-1,Hidden Accumulation
15:00:00,1.22646,1.228265,1.22539,1.22755,39177.79009535165,True,0.0009091390901270202,0.002346191824643551,0.026481676907502662,-1,Hidden Accumulation
16:00:00,1.2275550000000002,1.22967,1.227315,1.22947,27877.99004138261,True,0.0015640910757199755,0.001918822796103777,0.02646338183676717,-1,Major Market Move
17:00:00,1.229475,1.23053,1.229275,1.22995,21071.520000338554,False,0.000390412128803419,0.0010209269691484868,0.026458648292892146,-1,Volatility Event
18:00:00,1.22994,1.23049,1.22926,1.229345,14731.210031203927,False,-0.0004918899142243305,0.0010006019881880679,0.02646099171522663,-1,Volatility Event
19:00:00,1.229365,1.230395,1.22898,1.230355,11464.850035749378,False,0.0008215757171503579,0.00115136129147744,0.02645208235937016,-1,Volatility Event
20:00:00,1.2303350000000002,1.230575,1.229285,1.229375,10047.805003263058,False,-0.0007965180781156489,0.0010493904993553271,0.000739951851260693,-1,Other
21:00:00,1.22938,1.229945,1.2289599999999998,1.22979,3482.9650033041835,False,0.0003375699034060542,0.0008014906913164267,0.0007409845280037587,-1,Other
22:00:00,1.22982,1.23022,1.229305,1.22968,1747.044998217374,False,-8.944616560535579e-05,0.0007443230117830799,0.0007096574260063844,-1,Other
13:00:00,1.0264799999999998,1.027505,1.01534,1.02126,111212.16924250127,True,-0.005090186412855524,0.011981208265211636,0.029352057145527962,-1,Major Market Move
12:00:00,0.97395,0.97637,0.97329,0.9741,114085.03902380171,True,0.00015914656371762703,0.003164524448006218,0.02030687632352067,-1,Hidden Accumulation
12:00:00,1.21185,1.214665,1.207195,1.21299,44375.38002543896,True,0.0009448403054848065,0.006187898392554713,0.026308041771764643,-1,Hidden Accumulation
13:00:00,1.212985,1.2152150000000002,1.2091349999999998,1.210105,46377.27009344847,True,-0.002378420267273418,0.005028388062540831,0.026349459646851835,-1,Major Market Move
14:00:00,1.210115,1.210225,1.206565,1.20758,34724.130040124066,True,-0.0020865957912742372,0.003033404748190107,0.02638421763942227,-1,Major Market Move
14:00:00,0.97751,0.98095,0.975365,0.979455,113792.25018290427,True,0.0020205016982444146,0.005726061525685206,0.006102201583809182,-1,Major Market Move
17:00:00,1.20439,1.2049949999999998,1.19902,1.19939,47878.25998063386,True,-0.004155613399258629,0.004983236309652751,0.026791395551812845,-1,Major Market Move
14:00:00,0.997405,1.003655,0.997135,1.00304,108502.98985475302,True,0.005639578309931004,0.006538733471395519,0.015246808953086105,-1,Major Market Move
15:00:00,1.2142149999999998,1.21665,1.21368,1.215935,32337.88013818116,True,0.0014083057094029794,0.002447103025509127,0.048619353312735675,-1,Major Market Move
12:00:00,1.21874,1.218915,1.21565,1.215835,29193.83003274352,True,-0.0024040729755121504,0.002685805947435589,0.0356951074464941,-1,Major Market Move
08:00:00,1.21568,1.218375,1.2151649999999998,1.217985,26120.17012416572,True,0.0018919374673540545,0.002641616570589309,0.032293717446433896,-1,Major Market Move
09:00:00,1.21799,1.21896,1.21598,1.2173850000000002,26569.32013804466,True,-0.0004926169041490347,0.0024506982022730493,0.032286974921769386,-1,Hidden Accumulation
18:00:00,1.21138,1.21138,1.20082,1.2018,71041.99998872727,True,-0.008035261053126908,0.008793990772971721,0.006991878344312993,-1,Major Market Move
13:00:00,1.0324399999999998,1.033505,1.030535,1.03222,108092.85961834344,True,-0.00020340362058468564,0.0028819981854084696,0.005485524092471051,-1,Hidden Accumulation
13:00:00,1.21433,1.21731,1.21406,1.21514,34551.650064647205,True,0.0006587940774414047,0.0026769681893810647,0.01479745396369649,-1,Hidden Accumulation
14:00:00,1.21513,1.215735,1.21365,1.21501,32190.30009181053,True,-0.00010698355745031307,0.0017179582251885756,0.014802322791547333,-1,Hidden Accumulation
13:00:00,0.987455,0.99698,0.98733,0.996795,111006.05918945374,True,0.009453547485467784,0.009773834482898256,0.03743085446238432,-1,Major Market Move
14:00:00,0.9968,0.997665,0.99353,0.995725,113358.05927034467,True,-0.0010734403764064426,0.004161927672038086,0.03741594250262564,-1,Major Market Move
12:00:00,1.217645,1.2194699999999998,1.215145,1.21861,46172.99001470208,True,0.000780184944894291,0.003559246015907495,0.03172651122593551,-1,Hidden Accumulation
13:00:00,1.218615,1.21933,1.214345,1.2182149999999998,33721.89006657899,True,-0.00032413979862311315,0.00410509369248444,0.031745965122872546,-1,Hidden Accumulation
15:00:00,1.001835,1.00864,1.00122,1.00279,116972.23907309028,True,0.0009582464090713838,0.007410958630470808,0.015957203342796523,-1,Hidden Accumulation
07:00:00,1.21544,1.21553,1.212895,1.213485,34236.9701088518,True,-0.0016331131167366397,0.0021724881378849307,0.04779340749646504,-1,Major Market Move
11:00:00,1.2114,1.212395,1.20927,1.2107,42103.32005958259,True,-0.0005737187292335078,0.002584203693137035,0.047789803044423554,-1,Hidden Accumulation
14:00:00,1.21236,1.213785,1.21161,1.212475,45166.36005811393,True,9.898090905702261e-05,0.0017951320969617417,0.04775348868448848,-1,Hidden Accumulation
15:00:00,1.212495,1.21414,1.210925,1.21389,60551.88007824868,True,0.0011670343718426235,0.0026549951483369884,0.04772857928805619,-1,Major Market Move
16:00:00,1.213855,1.214005,1.209035,1.209175,45747.37001593411,True,-0.0038842069709774663,0.0041107163977882515,0.047790571319229924,-1,Major Market Move
06:00:00,1.222375,1.22533,1.222035,1.22459,16595.600035533313,False,0.0018079484284756475,0.002696322118433636,0.044461563647958516,-1,Volatility Event
07:00:00,1.22458,1.2262300000000002,1.2244000000000002,1.225595,17910.24003813416,False,0.0008206828407875122,0.0014946096047043435,0.04443134685163522,-1,Volatility Event
08:00:00,1.225585,1.226185,1.2244000000000002,1.225895,15410.970023877922,False,0.0002447790664941163,0.0014578569095066362,0.04447174912152586,-1,Volatility Event
13:00:00,1.225395,1.2257,1.22409,1.224785,14410.920030318204,False,-0.00048148525961444477,0.001315262766626728,0.044473181988696014,-1,Volatility Event
14:00:00,1.224765,1.22541,1.224055,1.22462,15189.540024727588,False,-0.00013471752185079122,0.0011069764022043269,0.04449271035193786,-1,Volatility Event
22:00:00,1.225015,1.225515,1.22495,1.225345,2611.635012179613,False,0.00027754988755157584,0.0004612433160536566,0.0006578182307700197,-1,Other
23:00:00,1.22536,1.22539,1.224625,1.2247,2057.9700027704243,False,-0.0005263823657827293,0.0006246810248034334,0.0006705634504330613,-1,Other
00:00:00,1.2250100000000002,1.2250100000000002,1.223875,1.2240799999999998,14295.320099622017,False,0.198850197591683,0.0009273822898581213,0.05380284989187792,-1,Volatility Event
01:00:00,1.22409,1.22558,1.224,1.22527,18006.600103981797,False,0.0009721586824391615,0.0012908496732025449,0.053797729104664696,-1,Volatility Event
02:00:00,1.225265,1.225865,1.224955,1.2254,14908.310090444986,False,0.00010609906387970547,0.0007428844324893293,0.05379673225048726,-1,Volatility Event
06:00:00,1.22555,1.22579,1.22422,1.2256399999999998,17542.890120431784,False,8.567686765359461e-05,0.001282449232980877,0.05379674432340257,-1,Volatility Event
07:00:00,1.225635,1.226905,1.22541,1.226395,22486.610119067136,True,0.0006160046995855595,0.0012199998367891578,0.05379223668350801,-1,Hidden Accumulation
08:00:00,1.22638,1.228625,1.22621,1.22813,26087.68014478684,True,0.0014147154872614642,0.0019694832043451417,0.05378999080799688,-1,Major Market Move
09:00:00,1.228135,1.2300650000000002,1.227915,1.22934,24934.18013259769,True,0.0009852377191341688,0.001750935528925126,0.053787119774459956,-1,Hidden Accumulation
10:00:00,1.229355,1.22998,1.228975,1.229235,20525.97005719692,False,-8.541168431841495e-05,0.00081775463292593,0.053786581294842095,-1,Volatility Event
11:00:00,1.22924,1.229955,1.229135,1.229325,18536.590077169243,False,7.321626865475217e-05,0.000667135831295847,0.053785559380399604,-1,Volatility Event
12:00:00,1.22932,1.2306149999999998,1.228705,1.2303350000000002,21648.140124320988,True,0.0008215890834402106,0.0015544821580443283,0.0537852220364944,-1,Hidden Accumulation
13:00:00,1.23034,1.230515,1.22864,1.22987,27433.13012173027,True,-0.0003779458440181793,0.0015260776142727497,0.05378602790697187,-1,Hidden Accumulation
14:00:00,1.22989,1.23097,1.228375,1.22893,40471.53015090525,True,-0.0007643084228413644,0.002112547064210769,0.053789432786271574,-1,Hidden Accumulation
15:00:00,1.228935,1.22909,1.22604,1.2271800000000002,44262.740136779845,True,-0.00142400299447476,0.0024876839254836685,0.05379612823183105,-1,Major Market Move
16:00:00,1.227175,1.22775,1.225245,1.22536,39148.900091417134,True,-0.0014830750175199858,0.0020444890613713824,0.05380283825306267,-1,Major Market Move
17:00:00,1.2253699999999998,1.226125,1.225005,1.2253150000000002,27284.66006387025,True,-3.672390154718652e-05,0.0009142819825225285,0.044471059767048945,-1,Hidden Accumulation
18:00:00,1.225305,1.2256749999999998,1.224265,1.225105,20053.48003104329,False,-0.00017138450112830217,0.0011517114350242076,0.04446622168193785,-1,Volatility Event
20:00:00,1.225205,1.2252200000000002,1.2241499999999998,1.224925,14327.01499401033,False,-0.00023669315181407136,0.0008740758893929245,0.0007452456271107572,-1,Other
22:00:00,1.2248,1.225285,1.224445,1.22508,1420.5114968940616,False,0.00020002694240450758,0.0006860250970847624,0.0007131243575180723,-1,Other
15:00:00,1.1915749999999998,1.19289,1.19062,1.190675,55596.63006210328,True,-0.0007636887003444892,0.0019065696863818803,0.005644699355034114,-1,Hidden Accumulation
06:00:00,0.995025,0.99556,0.988465,0.98977,109099.3586669788,True,-0.0052862727756951555,0.007177795875422966,0.03659677125098585,-1,Major Market Move
18:00:00,0.98731,0.991045,0.981325,0.990555,167112.85886091742,True,0.0032968702522029325,0.009904975415891729,0.03664232792122156,-1,Major Market Move
19:00:00,0.99055,0.990995,0.984465,0.985115,123540.41923404484,True,-0.005491870718940417,0.006633044343882133,0.036595700309898574,-1,Major Market Move
13:00:00,1.213365,1.21523,1.212655,1.2146249999999998,34806.160123117275,True,0.001034309402737854,0.0021234398901583663,0.04117352357669397,-1,Major Market Move
15:00:00,1.214675,1.2155200000000002,1.212505,1.214915,32762.730097830303,True,0.00019346659202423844,0.0024865876841746733,0.04117661489738416,-1,Hidden Accumulation
12:00:00,1.017725,1.017975,1.003035,1.003735,119708.65952912718,True,-0.01373665515394773,0.014894794299301796,0.017346556351890568,-1,Major Market Move
13:00:00,1.003745,1.004275,1.00049,1.0032450000000002,120500.58968631178,True,-0.0004881766601740889,0.0037831462583333437,0.01732535230316474,-1,Hidden Accumulation
01:00:00,1.22578,1.226,1.2235,1.224815,20194.91011202336,False,-0.0007831779894352797,0.0020433183489987302,0.0035081590454943065,-1,Other
02:00:00,1.22482,1.22606,1.224565,1.226,13364.850092306737,False,0.0009674930499707912,0.0012208416866397653,0.0034998459462315303,-1,Other
07:00:00,1.22635,1.226915,1.223245,1.223915,18883.100085213784,False,-0.001989635953700164,0.0030002166368961755,0.003496780576783726,-1,Other
08:00:00,1.2239049999999998,1.2239049999999998,1.22133,1.222375,33030.900116868324,True,-0.0012582573136207253,0.0021083572826343182,0.0035216726168768816,-1,Major Market Move
09:00:00,1.222385,1.224085,1.2217600000000002,1.224005,23806.71009969712,True,0.0013334696799263135,0.001902992404400136,0.0035217733288911506,-1,Major Market Move
10:00:00,1.22405,1.22448,1.223605,1.223935,14435.760081037884,False,-5.718930886722262e-05,0.0007151000527130562,0.0034759554520858303,-1,Other
11:00:00,1.22394,1.22538,1.223245,1.22506,14725.830056905748,False,0.0009191664590031401,0.0017453576348155915,0.0034668306979261975,-1,Other
12:00:00,1.2250649999999998,1.225275,1.224545,1.22487,17577.6700867191,False,-0.0001550944443539093,0.0005961397906976856,0.00347260809627079,-1,Other
13:00:00,1.2248549999999998,1.228465,1.223435,1.22716,44488.23009873182,True,0.0018695861601640829,0.004111374940229655,0.0034463857846168933,-1,Major Market Move
14:00:00,1.22712,1.2283499999999998,1.2243499999999998,1.225025,38818.75003485382,True,-0.001739789432510852,0.0032670396536938003,0.00349441018492549,-1,Major Market Move
15:00:00,1.225,1.22582,1.222225,1.225505,43942.16007000954,True,0.0003918287381889929,0.0029413569514614864,0.003495105121056641,-1,Hidden Accumulation
16:00:00,1.22552,1.2263449999999998,1.223665,1.2251599999999998,39738.88004851342,True,-0.0002815165992796631,0.0021901419097545434,0.003491177514571005,-1,Hidden Accumulation
17:00:00,1.2252,1.22532,1.22243,1.22289,19290.160023555163,False,-0.0018528192236114682,0.002364143550141979,0.0035375596810514496,-1,Other
18:00:00,1.222885,1.222885,1.21931,1.219515,18757.070006817583,False,-0.002759855751539475,0.00293198612329933,0.003611381639935695,-1,Other
21:00:00,1.22262,1.22273,1.22168,1.22204,15421.710483841598,False,-0.0004784786831613097,0.0008594722022133417,0.001274077859483769,-1,Other
18:00:00,1.03851,1.03888,1.029335,1.030935,122389.31933649632,True,-0.007274985796685507,0.009272977213443548,0.008067776088288497,-1,Major Market Move
19:00:00,1.03094,1.036585,1.028015,1.036415,120032.1694309786,True,0.005315563056836892,0.008336454234617383,0.008217676065611874,-1,Major Market Move
14:00:00,1.2128549999999998,1.214255,1.2122000000000002,1.212965,36592.64002691955,True,8.657223422314786e-05,0.0016952648077874259,0.02771198515561564,-1,Hidden Accumulation
07:00:00,0.96648,0.96765,0.96357,0.96553,108431.24952052534,True,-0.0010191254145046624,0.00423425386842676,0.03841612665801555,-1,Major Market Move
14:00:00,0.974155,0.97704,0.971865,0.976545,109474.90009948613,True,0.002422537813659753,0.005324813631522938,0.03860138840885203,-1,Major Market Move
13:00:00,0.994895,1.015985,0.994235,1.01226,126951.96928968282,True,0.017423423876171462,0.02187611580763093,0.017866683609634566,-1,Major Market Move
14:00:00,1.01229,1.01678,1.010995,1.01641,164704.55891470614,True,0.004099737221662458,0.005722085668079396,0.017950859946530243,-1,Major Market Move
15:00:00,1.016425,1.018535,1.014215,1.01812,135536.94930617514,True,0.0016823919481310234,0.004259451891364138,0.017987901915105558,-1,Major Market Move
07:00:00,0.969055,0.97249,0.968925,0.96991,109878.4091459811,True,0.0008719745321521533,0.0036793353458729307,0.03171937759715647,-1,Hidden Accumulation
00:00:00,0.856345,0.856395,0.85573,0.856365,4811.230095744143,False,-0.06108565038154545,0.0007771142766994574,0.014360715751783777,-1,Other
01:00:00,0.856365,0.85651,0.85597,0.856445,4483.160088181504,False,9.341811026830626e-05,0.0006308632311879913,0.014360514636094045,-1,Other
02:00:00,0.85643,0.85659,0.856285,0.856555,7033.500135421765,False,0.00012843790319272408,0.00035618981997816114,0.014359332535935729,-1,Other
03:00:00,0.85654,0.8569500000000001,0.85631,0.8567400000000001,4218.790102839479,False,0.00021598146061863055,0.0007473928834184874,0.014352604129662064,-1,Other
04:00:00,0.85673,0.85705,0.8566,0.85702,3331.890076398857,False,0.0003268202721944391,0.0005253327107167294,0.014330835159443632,-1,Other
05:00:00,0.8570249999999999,0.8573649999999999,0.8570249999999999,0.85724,6363.92012536527,False,0.00025670346082939943,0.000396721215833852,0.014328456780575531,-1,Other
06:00:00,0.857255,0.8572949999999999,0.856795,0.857065,3284.780069708831,False,-0.00020414353039988065,0.0005835701655587917,0.01433271985068001,-1,Other
07:00:00,0.85706,0.8571150000000001,0.85619,0.8565050000000001,10702.140187621131,False,-0.0006533926831685521,0.0010803676753992275,0.014331623156210421,-1,Other
08:00:00,0.8564849999999999,0.856645,0.855415,0.856055,16866.010246515296,False,-0.0005253909784531663,0.0014378985638549165,0.01433339422551688,-1,Other
09:00:00,0.856055,0.856055,0.855075,0.85564,21938.540206074733,True,-0.00048478193574019723,0.001146098295471135,0.014338925368871252,-1,Hidden Accumulation
10:00:00,0.855645,0.8558250000000001,0.85358,0.854555,26906.890170574203,True,-0.001268056659342709,0.002630099111975506,0.014313298002919942,-1,Major Market Move
11:00:00,0.8545750000000001,0.8547450000000001,0.85302,0.853335,36654.260135173805,True,-0.0014276436273850113,0.0020222269114441487,0.014296584278206216,-1,Major Market Move
12:00:00,0.85335,0.854905,0.853,0.8546050000000001,37979.840090870886,True,0.0014882783432064173,0.002233294255568635,0.014316305648884024,-1,Major Market Move
13:00:00,0.854595,0.85652,0.853005,0.8531150000000001,62836.22052347664,True,-0.0017434955330239976,0.004120726138768161,0.014304898072319782,-1,Major Market Move
14:00:00,0.853075,0.85314,0.85141,0.852695,55739.71030426028,True,-0.0004923134630150372,0.0020319235151102398,0.014307453815181488,-1,Hidden Accumulation
15:00:00,0.85268,0.85609,0.85234,0.855575,55440.420125484496,True,0.003377526548179688,0.004399652720745279,0.014357981611042164,-1,Major Market Move
16:00:00,0.855575,0.8564700000000001,0.8547849999999999,0.8564499999999999,48311.610169887565,True,0.0010227040294539247,0.0019712559298538917,0.014371404818522397,-1,Major Market Move
17:00:00,0.856445,0.856875,0.855775,0.855955,25331.17022407056,True,-0.0005779671901452454,0.0012853845929129747,0.014367590365088431,-1,Hidden Accumulation
18:00:00,0.85595,0.8563000000000001,0.8555699999999999,0.8560049999999999,14085.460125565536,False,5.841428579755892e-05,0.0008532323480254328,0.01370638125040451,-1,Other
19:00:00,0.856,0.8573500000000001,0.855805,0.855905,25796.810102343567,True,-0.00011682174753635532,0.0018053178001998336,0.01369754263788364,-1,Hidden Accumulation
20:00:00,0.8558950000000001,0.8560749999999999,0.8552649999999999,0.855545,19790.060109734542,False,-0.0004206074272261606,0.0009470748832233021,0.0011074943061321878,-1,Other
21:00:00,0.8555550000000001,0.856025,0.855415,0.8559749999999999,16885.820061557013,False,0.0005026036035509218,0.0007131041658142532,0.0011139914813610697,-1,Other
03:00:00,0.861055,0.86136,0.860975,0.86136,3156.500038743026,False,0.0003425989907848148,0.00044716745550099445,0.01657483948634754,-1,Other
04:00:00,0.861375,0.861515,0.8610249999999999,0.8610500000000001,2796.450044870382,False,-0.0003598959784525402,0.0005690891669813321,0.016568251382390573,-1,Other
05:00:00,0.8610450000000001,0.861105,0.86046,0.860795,8583.950076460853,False,-0.0002961500493584568,0.0007495990516700448,0.016543166940114925,-1,Other
06:00:00,0.8607899999999999,0.861255,0.860035,0.8602449999999999,10783.56018793585,False,-0.0006389442317857874,0.001418546919602108,0.01652450546963431,-1,Other
07:00:00,0.8602350000000001,0.86065,0.859305,0.8593299999999999,8950.46019661428,False,-0.0010636504716680095,0.0015652184032445297,0.016519661092260635,-1,Other
08:00:00,0.859375,0.85963,0.8578399999999999,0.85904,8172.520176649107,False,-0.000337472216726864,0.002086636202555336,0.016524979697858648,-1,Other
09:00:00,0.85907,0.8591,0.8579399999999999,0.85806,10340.620161890994,False,-0.0011408083441981631,0.0013520759027438399,0.016509811664740495,-1,Other
10:00:00,0.858055,0.8592,0.857955,0.859065,5574.040098309527,False,0.0011712467659603654,0.001451125059006522,0.01650241100463652,-1,Other
11:00:00,0.859075,0.8594299999999999,0.8587199999999999,0.85934,6111.880101084721,False,0.0003201154743821544,0.0008268119992546912,0.016506837744947708,-1,Other
12:00:00,0.8593649999999999,0.861475,0.8590450000000001,0.860455,20796.190132975607,False,0.0012975073893919387,0.0028287225931120396,0.016504468292858735,-1,Other
13:00:00,0.8604350000000001,0.8630800000000001,0.860325,0.8611,20776.17019426826,False,0.0007496034074996327,0.0032022782088165086,0.01650182946006242,-1,Other
14:00:00,0.86107,0.861135,0.85992,0.860285,10763.390207171458,False,-0.000946463825339694,0.0014129221322913366,0.016497727995137122,-1,Other
15:00:00,0.8602700000000001,0.86127,0.859915,0.8602700000000001,5441.080113291751,False,-1.7436082228372562e-05,0.001575737136810028,0.01648657678666315,-1,Other
16:00:00,0.860275,0.860575,0.8598950000000001,0.860525,3063.6700654029914,False,0.00029641856626394514,0.00079079422487618,0.016494394831557534,-1,Other
17:00:00,0.860545,0.8608450000000001,0.8598300000000001,0.860275,3134.0900591611926,False,-0.00029052032189647026,0.0011804659060511823,0.016498809009533127,-1,Other
18:00:00,0.8602799999999999,0.86029,0.85973,0.85993,2159.5600461959884,False,-0.0004010345529046333,0.0006513672897305025,0.016493529939542884,-1,Other
19:00:00,0.85993,0.860155,0.85973,0.8599399999999999,2298.990042448048,False,1.1628853511247428e-05,0.0004943412466704764,0.01648960752395014,-1,Other
20:00:00,0.85995,0.8607,0.85995,0.8605,3033.000046312813,False,0.0006512082238296912,0.0008721437292866195,0.0006952201277930398,-1,Other
21:00:00,0.860415,0.860935,0.8601000000000001,0.8604849999999999,15546.680051565174,False,-1.743172574097951e-05,0.0009708173468200431,0.0006950678004047677,-1,Other
22:00:00,0.86049,0.860565,0.860095,0.860375,2288.9000146389035,False,-0.0001278348838154031,0.0005464512641045122,0.0006746352165984109,-1,Other
23:00:00,0.8603799999999999,0.8604700000000001,0.860255,0.8603799999999999,2052.4400181770343,False,5.8114194390057605e-06,0.0002499258940663829,0.0006687638504637112,-1,Other
15:00:00,0.87621,0.87621,0.87219,0.87222,44128.130555987394,True,-0.00459914407988582,0.0046090874694734215,0.011255305839438083,-1,Major Market Move
16:00:00,0.872205,0.873205,0.86978,0.87063,51829.79065406326,True,-0.001822934580725022,0.0039377773689898725,0.011230123275710381,-1,Major Market Move
14:00:00,0.86802,0.8687,0.8659600000000001,0.86598,32987.400227308295,True,-0.002344429531747738,0.0031641184350316,0.008666245671430184,-1,Major Market Move
00:00:00,0.8537950000000001,0.85455,0.85379,0.85408,4377.960091114052,False,-0.083619898821371,0.0008901486313964592,0.018688824643552534,-1,Other
01:00:00,0.854095,0.854275,0.85385,0.85391,2299.890063285833,False,-0.0001990445859872958,0.0004977455056508856,0.018687764697800948,-1,Other
02:00:00,0.8539,0.854085,0.8536699999999999,0.85391,3716.940051317221,False,0.0,0.00048613632902650236,0.01868685820968629,-1,Other
03:00:00,0.85392,0.8541799999999999,0.85373,0.853745,1921.1900448799172,False,-0.00019322879460359488,0.000527098731448995,0.018689468989727454,-1,Other
04:00:00,0.85373,0.853745,0.853395,0.85356,1735.0700401067768,False,-0.00021669233787602327,0.00041012661194401355,0.018682935699248247,-1,Other
05:00:00,0.853575,0.85389,0.85335,0.8537349999999999,1983.880038142208,False,0.00020502366558883267,0.0006328001406222357,0.018696990590884394,-1,Volatility Event
06:00:00,0.85373,0.853815,0.85286,0.85368,3082.040049314504,False,-6.44228009861747e-05,0.0011197617428417785,0.018694090615602153,-1,Other
07:00:00,0.8536600000000001,0.85492,0.8536600000000001,0.8542799999999999,10294.840145468728,False,0.0007028394714645447,0.0014759974697185387,0.018710314455502537,-1,Volatility Event
08:00:00,0.85428,0.85464,0.85293,0.853735,7782.380178213136,False,-0.0006379641335392261,0.002004853856705696,0.018700687700284213,-1,Volatility Event
09:00:00,0.85373,0.853735,0.8516250000000001,0.851945,6089.80012881757,False,-0.002096669341189128,0.0024776163217377894,0.018681238528740027,-1,Other
10:00:00,0.8519300000000001,0.85324,0.85188,0.85288,6153.990130305303,False,0.0010974886876500278,0.0015964689862422265,0.018693703886314406,-1,Other
11:00:00,0.8528899999999999,0.8532599999999999,0.85263,0.852895,4786.520098686227,False,1.758746834257252e-05,0.0007388902572040726,0.018692016613487607,-1,Other
12:00:00,0.852885,0.853695,0.85259,0.852885,8344.610109448444,False,-1.1724772685961504e-05,0.0012960508568010682,0.018684502958504295,-1,Other
13:00:00,0.85286,0.85307,0.8515250000000001,0.8516349999999999,9087.340175986306,False,-0.0014656137697346416,0.001814391826428945,0.01867466493790998,-1,Other
14:00:00,0.851605,0.85162,0.84988,0.8501099999999999,11958.47020983698,False,-0.0017906732344254994,0.0020473478608745645,0.018650662909504248,-1,Other
15:00:00,0.8501099999999999,0.85028,0.84597,0.84612,20854.17021107677,False,-0.004693510251614463,0.005094743312410648,0.018626060398583718,-1,Price Range Expansion
16:00:00,0.846125,0.846125,0.840885,0.84174,32846.90026736264,True,-0.0051765706991915295,0.006231529876261347,0.01860582647463097,-1,Major Market Move
17:00:00,0.84175,0.84397,0.84175,0.84362,13369.850175142305,False,0.002233468767077751,0.002637362637362637,0.018632872527303605,-1,Other
18:00:00,0.843635,0.843985,0.8425750000000001,0.8431,9991.300156950969,False,-0.0006163912662100479,0.0016734415333945478,0.018624500229242287,-1,Other
19:00:00,0.84311,0.843715,0.84214,0.843315,6838.220124840749,False,0.00025501126793980866,0.0018702353527916891,0.01863099876424148,-1,Other
20:00:00,0.843315,0.8434900000000001,0.84249,0.8426450000000001,4247.720090121039,False,-0.0007944836745462647,0.001186957708696972,0.0017453377552702556,-1,Other
21:00:00,0.842635,0.84333,0.842465,0.84304,6956.429997079084,False,0.0004687620528216474,0.0010267488857103912,0.001761183792409529,-1,Other
22:00:00,0.843055,0.8436600000000001,0.84265,0.8427,4897.870043359708,False,-0.0004033023344087727,0.0011985996558477024,0.0017557842542783848,-1,Other
23:00:00,0.8426800000000001,0.84292,0.8425199999999999,0.84253,15971.710112452516,False,-0.00020173252640320882,0.0004747661776575832,0.00175566653721904,-1,Other
12:00:00,0.86285,0.8640049999999999,0.861745,0.8622449999999999,26985.94037437444,True,-0.0007127459842848349,0.0026225855676562425,0.0068859574115223135,-1,Hidden Accumulation
13:00:00,0.8622350000000001,0.8627549999999999,0.859605,0.8596550000000001,23570.340389490168,True,-0.003003786626770699,0.0036644737990123213,0.006869422338652736,-1,Major Market Move
14:00:00,0.859665,0.860295,0.858725,0.859075,18130.94034802917,False,-0.0006746892648795688,0.0018282919444526145,0.006862676039957565,-1,Other
15:00:00,0.8590899999999999,0.86005,0.858985,0.85964,9016.510185837764,False,0.0006576841370078412,0.0012398353871138409,0.006877422756581529,-1,Other
16:00:00,0.85964,0.85978,0.858295,0.85866,8827.37014997007,False,-0.0011400120980875617,0.0017301743573013458,0.006864207141611673,-1,Other
17:00:00,0.8586750000000001,0.85894,0.85826,0.85889,5876.800113201152,False,0.00026785922250960326,0.0007923007014191666,0.006867365846731168,-1,Other
18:00:00,0.8589,0.85911,0.8583350000000001,0.858695,3715.940079331407,False,-0.0002270372224616457,0.0009029108681342018,0.006867992920286595,-1,Other
19:00:00,0.858715,0.8590949999999999,0.858555,0.85904,5771.11010181905,False,0.00040177245704242637,0.0006289637821688593,0.006871227570478092,-1,Other
20:00:00,0.8590500000000001,0.8591500000000001,0.8586750000000001,0.858825,3797.9100475907385,False,-0.00025027938163535435,0.0005531778612397044,0.001169364370473965,-1,Other
21:00:00,0.8588,0.85978,0.858775,0.859085,5868.699990630154,False,0.0003027392076384583,0.0011702716078134945,0.001181612541100022,-1,Other
22:00:00,0.85901,0.85957,0.85855,0.8590800000000001,3760.440049737698,False,-5.820145852708514e-06,0.0011880496185427871,0.0011808793680894158,-1,Other
23:00:00,0.8591,0.85927,0.858795,0.8591500000000001,8153.10002648831,False,8.148251618012026e-05,0.0005531005653270026,0.0011822944146618482,-1,Other
00:00:00,0.860385,0.8607450000000001,0.859755,0.86008,3123.1600798368527,False,-0.07081663299590546,0.0011514908316904774,0.015900896989202815,-1,Other
01:00:00,0.8600749999999999,0.860235,0.858885,0.859685,9035.550078868882,False,-0.00045925960375770014,0.0015718053057160882,0.01589671508329199,-1,Other
02:00:00,0.859675,0.8597600000000001,0.85916,0.85921,5583.340086698543,False,-0.0005525279608228351,0.0006983565342893581,0.015870520088019445,-1,Other
03:00:00,0.8592200000000001,0.85961,0.85863,0.85873,3283.950067877777,False,-0.0005586527158669696,0.0011413530857295703,0.015861584332824356,-1,Other
04:00:00,0.8587199999999999,0.8587800000000001,0.85849,0.8586400000000001,3714.23005211354,False,-0.00010480593434480934,0.0003378024205292123,0.015815935001703463,-1,Other
05:00:00,0.858625,0.85903,0.857945,0.8589549999999999,4813.430060796448,False,0.00036685921923029774,0.001264649831865682,0.01584264088334476,-1,Other
06:00:00,0.85894,0.860455,0.858,0.858,16006.320173859618,False,-0.0011118161021239636,0.002861305361305344,0.015810892331883056,-1,Other
07:00:00,0.85799,0.858705,0.85681,0.8575649999999999,17222.440257191683,False,-0.0005069930069930839,0.002211692207140546,0.015802510058968613,-1,Other
08:00:00,0.85756,0.85972,0.85755,0.85924,13642.750226497676,False,0.00195320471334548,0.002530464695936103,0.015826669211081012,-1,Other
09:00:00,0.859245,0.859345,0.8583099999999999,0.858365,7983.4001517295965,False,-0.0010183417904193748,0.0012058580233250448,0.01583138132257479,-1,Other
10:00:00,0.85835,0.85872,0.8576600000000001,0.85774,7455.110162854208,False,-0.0007281284768135832,0.0012359209943333602,0.015808297358316875,-1,Other
11:00:00,0.85773,0.85875,0.85744,0.857685,8883.300178647058,False,-6.41219950100469e-05,0.001527803694719203,0.015810166577775935,-1,Other
12:00:00,0.857665,0.859835,0.855505,0.85748,54973.37040865427,True,-0.000239015489369665,0.005061338040105033,0.015813991595377993,-1,Hidden Accumulation
13:00:00,0.85745,0.85948,0.8566400000000001,0.85866,57837.04042279727,True,0.0013761253906796611,0.0033152782966006183,0.015828867185130893,-1,Major Market Move
14:00:00,0.858665,0.859065,0.85738,0.85771,30600.3205384836,True,-0.0011063750494957336,0.0019652896032097047,0.015803766394188998,-1,Major Market Move
15:00:00,0.85769,0.85853,0.85686,0.85822,10806.000208482166,False,0.0005946065686537327,0.0019489764955769441,0.015816051889099226,-1,Other
16:00:00,0.858215,0.85957,0.857815,0.8594900000000001,5444.010095238697,False,0.0014798070424832943,0.002045895676806714,0.01584149933627614,-1,Other
17:00:00,0.859515,0.859685,0.858425,0.85851,3655.630063533791,False,-0.0011402110553934142,0.0014678044092378936,0.015830717637479102,-1,Other
18:00:00,0.8585400000000001,0.85873,0.85714,0.85737,2729.320062518126,False,-0.0013278820281651393,0.0018550061833539214,0.01582109782651168,-1,Other
19:00:00,0.85738,0.85802,0.85738,0.85778,6934.300070524225,False,0.00047820660858199915,0.0007464601460262356,0.015831098516459252,-1,Other
20:00:00,0.85777,0.8581799999999999,0.857505,0.85805,3683.6900444030825,False,0.0003147660239222194,0.0007871674217642826,0.0009371168916623841,-1,Other
21:00:00,0.85819,0.85819,0.857415,0.857755,4674.890081830331,False,-0.0003438028086940603,0.0009038796848666866,0.00093525602244871,-1,Other
22:00:00,0.85774,0.857755,0.857345,0.85751,4570.890052318578,False,-0.00028562934637521575,0.00047822055298627907,0.000930530951816512,-1,Other
23:00:00,0.85751,0.8578250000000001,0.85746,0.857775,8219.120009779937,False,0.0003090342969760407,0.0004256758332750912,0.0009281776074496796,-1,Other
06:00:00,0.86311,0.86393,0.8616,0.86239,13295.100249767323,False,-0.0008226161510832553,0.002704271123491113,0.02640126063086977,-1,Volatility Event
07:00:00,0.862395,0.8628199999999999,0.86155,0.861715,13239.760278224969,False,-0.0007827085193473637,0.0014740874006150338,0.026410367612169427,-1,Volatility Event
08:00:00,0.8617250000000001,0.8633,0.86134,0.8625700000000001,13753.98028159144,False,0.0009922074003585468,0.0022755241832493112,0.026340467767055335,-1,Volatility Event
13:00:00,0.8625499999999999,0.863985,0.86239,0.86362,17625.28031778338,False,0.0011998817507841153,0.0018495112420134894,0.026366327388055586,-1,Volatility Event
14:00:00,0.86361,0.863775,0.8628100000000001,0.86324,19712.11033427718,False,-0.00044000833700008624,0.0011184385901877383,0.026337851418559703,-1,Volatility Event
18:00:00,0.86374,0.86408,0.85974,0.859865,64917.89132185289,True,-0.004497829232995687,0.00504803777886339,0.026314000254451686,-1,Major Market Move
19:00:00,0.85985,0.8619,0.85981,0.860015,29274.03042042259,True,0.0001744459886143801,0.0024307695886300884,0.026291771922746777,-1,Hidden Accumulation
20:00:00,0.8600300000000001,0.860995,0.860025,0.86068,7346.540118634711,False,0.0007732423271686883,0.0011278741897036892,0.0013381245244025817,-1,Other
21:00:00,0.86076,0.8612500000000001,0.86064,0.86086,1718.0700374841724,False,0.00020913696147228933,0.0007087748652167113,0.0013392573691524516,-1,Other
22:00:00,0.860715,0.86093,0.860155,0.860905,3633.800045430664,False,5.227330808743602e-05,0.0009010004010904664,0.0013309892510708825,-1,Other
07:00:00,0.8661000000000001,0.868395,0.86486,0.86771,31867.04052305224,True,0.0018762592586178961,0.004087366741437997,0.012343004657361701,-1,Major Market Move
13:00:00,0.8648499999999999,0.86632,0.8639300000000001,0.865135,38640.3905105591,True,0.00031797053858428903,0.0027664278355884063,0.012324214932680488,-1,Hidden Accumulation
14:00:00,0.86512,0.8671150000000001,0.8646100000000001,0.86583,24771.130430102377,True,0.0008033428308875656,0.0028972600363169282,0.01233074986393884,-1,Hidden Accumulation
14:00:00,0.88439,0.88764,0.882185,0.886965,65065.97090363512,True,0.0029229516723581206,0.006183510261453083,0.0070958796174489976,-1,Major Market Move
13:00:00,0.87521,0.880745,0.87506,0.879515,47903.28071972732,True,0.004918819483324066,0.0064966973693233055,0.004685737752574617,-1,Major Market Move
14:00:00,0.879525,0.881275,0.8789,0.879305,47195.84065115457,True,-0.00023876795734012468,0.0027022414381613563,0.0046837801383395414,-1,Hidden Accumulation
18:00:00,0.89418,0.89818,0.89416,0.8968050000000001,86809.86094322811,True,0.002453583125608061,0.004495839670752465,0.0009169628812902489,-1,Major Market Move
12:00:00,0.87303,0.8738999999999999,0.869035,0.871875,62131.88078588255,True,-0.0013344176670027075,0.005598163480181923,0.005504262870942361,-1,Major Market Move
13:00:00,0.8718950000000001,0.875275,0.871625,0.872625,56471.6706038714,True,0.0008602150537635467,0.004187580668292032,0.005452044152107464,-1,Hidden Accumulation
12:00:00,0.867965,0.86894,0.86656,0.868325,28951.420566678094,True,0.00043781576021517665,0.002746491875923247,0.014718080833196605,-1,Hidden Accumulation
13:00:00,0.87427,0.877155,0.87232,0.87704,51212.79062592984,True,0.003174094811069894,0.005542690755686025,0.010779482330667464,-1,Major Market Move
12:00:00,0.876215,0.87653,0.8737250000000001,0.8751450000000001,48505.46065115934,True,-0.0011983633780151548,0.003210392285902253,0.02724410937246231,-1,Major Market Move
00:00:00,0.8607100000000001,0.8610450000000001,0.8604149999999999,0.8606849999999999,3720.720079660423,False,-0.05537049943202721,0.0007322048081450585,0.012362435138903057,-1,Other
01:00:00,0.8606750000000001,0.86119,0.86061,0.860995,5001.120087385187,False,0.0003601782301307921,0.0006739405770325989,0.012364462898390573,-1,Other
02:00:00,0.861,0.861375,0.860995,0.8612,3771.7100646495874,False,0.00023809662077023397,0.00044134983362278176,0.012370508069727315,-1,Other
03:00:00,0.861205,0.86144,0.86095,0.8612850000000001,4428.100072145469,False,9.869948908503012e-05,0.0005691387420872181,0.012387892130984414,-1,Other
04:00:00,0.86131,0.861375,0.86107,0.86131,3307.7000639438693,False,2.902639660495865e-05,0.00035421045907998153,0.01237453260587568,-1,Other
05:00:00,0.861305,0.86154,0.8611800000000001,0.86134,2349.2500449419063,False,3.4830664917384624e-05,0.0004180310736430432,0.012385650133109164,-1,Other
06:00:00,0.8613299999999999,0.861645,0.861205,0.86127,2757.420055508619,False,-8.126872083036307e-05,0.0005109120360425171,0.012382945436540881,-1,Other
07:00:00,0.861255,0.861625,0.86018,0.86096,14743.550267815615,False,-0.0003599335864479247,0.0016798809551489568,0.012386253133275764,-1,Other
08:00:00,0.86094,0.8622799999999999,0.8607400000000001,0.861475,12349.040254712128,False,0.0005981694852259523,0.0017891581662289131,0.012392099369637618,-1,Other
14:00:00,0.8620099999999999,0.8627400000000001,0.8610949999999999,0.86111,11757.920186877269,False,-0.001055659961485822,0.0019103583228332747,0.012433859143754626,-1,Other
15:00:00,0.8611200000000001,0.86255,0.8605,0.86104,16841.27026689055,False,-8.129042747151427e-05,0.002382335851249269,0.012439135255320533,-1,Other
18:00:00,0.8616900000000001,0.8618950000000001,0.86136,0.86151,5090.67009294034,False,-0.0001972890168043806,0.000621110801523246,0.012437532678336846,-1,Other
22:00:00,0.86275,0.863055,0.862515,0.86269,1005.9100046455884,False,-8.113496221429095e-05,0.000626076068242274,0.0011586832166917322,-1,Other
13:00:00,0.880925,0.88303,0.879515,0.88236,54479.60073101528,True,0.0016403398738811248,0.003996520809764398,0.013638460573642213,-1,Major Market Move
12:00:00,0.89359,0.8970549999999999,0.8928100000000001,0.8949750000000001,70881.58090303847,True,0.0015499278192461219,0.004754651045575018,0.00567312229432272,-1,Major Market Move
13:00:00,0.865,0.865875,0.86411,0.865375,23231.6202709675,True,0.0004450918507727941,0.002042564025413322,0.01743082932395773,-1,Hidden Accumulation
20:00:00,0.866105,0.866285,0.865795,0.865935,23820.049947738626,True,-0.00022513941325208453,0.0005659538343372166,0.0005041042411907111,-1,Hidden Accumulation
00:00:00,0.857765,0.85794,0.857315,0.85739,5855.780106067667,False,-0.038142676045277546,0.0007290202550987521,0.008588188198803368,-1,Other
01:00:00,0.8573850000000001,0.85802,0.857305,0.85779,4910.9401178360085,False,0.0004665321498968922,0.0008340088999831113,0.008599950183669438,-1,Other
02:00:00,0.85778,0.858425,0.8577250000000001,0.85803,7169.600115537654,False,0.00027978875948653226,0.0008161123903348076,0.008588168631582287,-1,Other
03:00:00,0.85803,0.85815,0.8577349999999999,0.85802,3173.470038294798,False,-1.1654604151312142e-05,0.0004838324191038657,0.008576925146662836,-1,Other
04:00:00,0.8580099999999999,0.858495,0.85798,0.85822,11467.569954752937,False,0.00023309479965494262,0.000600247092006857,0.008580056224063139,-1,Other
05:00:00,0.85823,0.85824,0.8572,0.857255,7322.790108442318,False,-0.0011244203118081497,0.0012132524498367253,0.008567307569632705,-1,Other
06:00:00,0.8572649999999999,0.85997,0.8567199999999999,0.857945,25314.020425483624,True,0.0008048946929442025,0.0037935381454852067,0.00857817927379001,-1,Hidden Accumulation
07:00:00,0.85791,0.8591150000000001,0.856805,0.858625,20303.920308589964,False,0.000792591599694692,0.0026960626980468533,0.008585904657661823,-1,Other
08:00:00,0.858635,0.85945,0.858365,0.85899,16296.200245618838,False,0.00042509826757908264,0.0012640310357481988,0.008589221040623637,-1,Other
09:00:00,0.859,0.85929,0.85716,0.85814,18376.110262513183,False,-0.000989534220421695,0.0024849503009939395,0.008561630010569967,-1,Other
10:00:00,0.85815,0.8588450000000001,0.85781,0.8588450000000001,15710.320202469844,False,0.000821544270165786,0.0012065608934380798,0.008547990211515259,-1,Other
11:00:00,0.85884,0.859165,0.8580749999999999,0.85844,12868.050164699567,False,-0.00047156355337707456,0.0012702852314774764,0.008549069436281542,-1,Other
12:00:00,0.85843,0.85867,0.85762,0.85782,20160.280171394374,False,-0.0007222403429476554,0.0012243184627224123,0.008544692890152002,-1,Other
13:00:00,0.85781,0.8586050000000001,0.85712,0.85804,20296.200283646605,False,0.00025646406005930267,0.001732546201232114,0.008557056993788984,-1,Other
14:00:00,0.858045,0.861345,0.858045,0.85956,32645.40034115317,True,0.001771479185119551,0.0038459521353776094,0.008583869757673845,-1,Major Market Move
15:00:00,0.85955,0.860495,0.85901,0.8598250000000001,16990.880209565184,False,0.0003082972683698948,0.0017287342405792232,0.00858776285700002,-1,Other
16:00:00,0.85983,0.860225,0.85899,0.85965,9551.46011435987,False,-0.00020352978803828137,0.0014377350143773338,0.008589367455366672,-1,Other
17:00:00,0.859645,0.859945,0.8590899999999999,0.859175,8412.290123820318,False,-0.0005525504565812023,0.0009952391484012737,0.008581811399404619,-1,Other
18:00:00,0.859165,0.85962,0.85875,0.8587549999999999,5121.320086717613,False,-0.0004888410393693032,0.0010131004366812663,0.00857723960389432,-1,Other
19:00:00,0.85875,0.8590500000000001,0.8584499999999999,0.85872,4353.640071034439,False,-4.0756676816910975e-05,0.0006989341254588573,0.008575625319949915,-1,Other
20:00:00,0.85871,0.859105,0.85833,0.859075,2696.500045478348,False,0.00041340599962724767,0.0009029161278295879,0.0007008702094084688,-1,Other
21:00:00,0.8590850000000001,0.859415,0.8581650000000001,0.8587400000000001,5877.080074667938,False,-0.0003899543113231596,0.0014565963421952343,0.0007033551445862173,-1,Other
22:00:00,0.8587499999999999,0.85877,0.858205,0.858205,4191.76006621123,False,-0.0006230057991942761,0.0006583508602257476,0.0007170450758343912,-1,Other
23:00:00,0.8582099999999999,0.85833,0.8579749999999999,0.858015,8211.630068063738,False,-0.00022139232467766057,0.0004137649698419013,0.0007189165142137025,-1,Other
23:00:00,0.857115,0.857115,0.85685,0.857105,101.40000391006504,False,-0.06901683059159613,0.0003092723347143137,0.01538897704934777,-1,Other
12:00:00,0.8771899999999999,0.87967,0.8763000000000001,0.877015,52558.67067641025,True,-0.00016530621551369418,0.003845714937806542,0.00877255347860234,-1,Hidden Accumulation
15:00:00,0.875355,0.8753599999999999,0.872895,0.8741,46367.21075093752,True,-0.0014337040400751455,0.0028239364413817692,0.00208183191501583,-1,Major Market Move
00:00:00,0.843515,0.843615,0.842545,0.84275,9817.130164861694,False,-0.08623690074109414,0.001269961841800753,0.019287402999292585,-1,Volatility Event
01:00:00,0.84276,0.8428,0.8421799999999999,0.8424799999999999,6968.940127730378,False,-0.0003203797092852234,0.0007361846636111817,0.019282274149556623,-1,Volatility Event
02:00:00,0.84249,0.842735,0.8423499999999999,0.84266,10375.910069108017,False,0.00021365492355918114,0.00045705466848706565,0.019288128421534528,-1,Volatility Event
03:00:00,0.842665,0.8434349999999999,0.84259,0.8432550000000001,30601.96008443832,True,0.000706097358365243,0.001002860228580905,0.01930274463643774,-1,Hidden Accumulation
04:00:00,0.84325,0.843355,0.843015,0.843305,37700.81995761393,True,5.929404509896763e-05,0.00040331429452620295,0.019302612599339724,-1,Hidden Accumulation
05:00:00,0.8432999999999999,0.84355,0.843175,0.8431949999999999,24184.8900834322,True,-0.00013043916495225627,0.00044474753165121616,0.019308064723415147,-1,Hidden Accumulation
06:00:00,0.8431850000000001,0.843225,0.84246,0.842715,23044.450100064278,True,-0.0005692633376620515,0.000908054981838919,0.019306187024824555,-1,Hidden Accumulation
07:00:00,0.842735,0.843035,0.84083,0.84136,14163.740107417116,False,-0.0016078982811508213,0.0026224088103421767,0.01928286956393389,-1,Volatility Event
08:00:00,0.84135,0.84158,0.8401050000000001,0.8413349999999999,15010.500199675576,False,-2.971379671012908e-05,0.0017557329143379611,0.01927871445170428,-1,Volatility Event
09:00:00,0.8413200000000001,0.84178,0.839645,0.840255,16376.740215897576,False,-0.0012836741607088475,0.00254274127756373,0.01925852212623701,-1,Volatility Event
10:00:00,0.840265,0.840295,0.8371850000000001,0.837575,22293.77032983306,True,-0.0031895079469923537,0.0037148300554834903,0.019234608548708926,-1,Major Market Move
11:00:00,0.837585,0.83887,0.83628,0.83636,16813.03026843073,False,-0.001450616362713708,0.0030970488353182918,0.019219759222470694,-1,Volatility Event
12:00:00,0.836355,0.837865,0.835665,0.837575,15975.030240774173,False,0.0014527237074943855,0.0026326338903747072,0.01924094240240767,-1,Volatility Event
13:00:00,0.837595,0.84022,0.837155,0.84015,20938.98027884962,False,0.0030743515506073127,0.00366120969235086,0.019290440045333257,-1,Volatility Event
14:00:00,0.84014,0.84053,0.83789,0.83789,21234.20026791098,False,-0.0026899958340771413,0.0031507715809950894,0.01926860308373439,-1,Volatility Event
15:00:00,0.8378650000000001,0.841835,0.836225,0.841505,43455.20060050492,True,0.00431440881261258,0.006708720739035551,0.01933964250988611,-1,Major Market Move
16:00:00,0.841485,0.84324,0.840515,0.8405549999999999,33009.91044962409,True,-0.001128929715212612,0.0032420599275443953,0.019327660563582965,-1,Major Market Move
17:00:00,0.84057,0.84064,0.838975,0.839205,13820.04022347929,False,-0.0016060816960222768,0.001984564498346229,0.019309486064695045,-1,Volatility Event
18:00:00,0.83924,0.840905,0.83924,0.8402499999999999,15247.730266451856,False,0.001245226136641131,0.001983937848529655,0.019334094977122775,-1,Volatility Event
19:00:00,0.84021,0.841635,0.840165,0.84135,11296.800175905242,False,0.0013091341862541128,0.0017496563175090265,0.019348320594049295,-1,Volatility Event
20:00:00,0.8413200000000001,0.84194,0.840645,0.84108,8064.610148243618,False,-0.00032091281868429355,0.001540483795181136,0.0018056309231309073,-1,Other
21:00:00,0.84109,0.841915,0.840965,0.84168,20076.870385736245,False,0.0007133685261806466,0.0011296546229629134,0.0018136967037981312,-1,Other
19:00:00,0.8773,0.87732,0.869515,0.86961,71867.62131008515,True,-0.008776829170988654,0.008976268379498858,0.012692035296006514,-1,Major Market Move
20:00:00,0.86961,0.87229,0.86904,0.87149,37136.5407075957,True,0.002161888662733924,0.003739758814323823,0.0021413989196553368,-1,Major Market Move
08:00:00,0.8715649999999999,0.87323,0.8676550000000001,0.869175,53500.36076527837,True,-0.0027593565708253776,0.006425364920388732,0.0051586988963033395,-1,Major Market Move
09:00:00,0.8691800000000001,0.8718250000000001,0.8689,0.87102,33323.310587763815,True,0.002122702562775025,0.0033663252388077642,0.005184713966775143,-1,Major Market Move
13:00:00,0.8675299999999999,0.87123,0.86751,0.86969,45105.91078269489,True,0.0024840496348850216,0.004288135007089192,0.00517735461085382,-1,Major Market Move
14:00:00,0.8696999999999999,0.870725,0.8672,0.8672500000000001,33911.020645618504,True,-0.0028055973967734404,0.004064806273062731,0.00518888301105919,-1,Major Market Move
15:00:00,0.86724,0.8686100000000001,0.86541,0.86606,25932.120438098947,True,-0.0013721533583165302,0.0036976693128113747,0.005184065411562006,-1,Major Market Move
16:00:00,0.86607,0.86619,0.86305,0.86397,19183.60030090812,False,-0.002413227720943212,0.0036382596605063805,0.005168447636400001,-1,Other
00:00:00,0.85608,0.856675,0.856055,0.85632,4832.810087800034,False,-0.037977812105041475,0.0007242525305032432,0.00849830924930305,-1,Other
01:00:00,0.856325,0.8564700000000001,0.85579,0.85582,7135.890126466764,False,-0.0005838938714498587,0.000794587457203302,0.008495929478599819,-1,Other
02:00:00,0.85581,0.855985,0.85554,0.855595,5484.3901002407165,False,-0.00026290575120935245,0.0005201393272085802,0.008493932719061946,-1,Other
03:00:00,0.855585,0.855645,0.85497,0.855105,2723.830043077473,False,-0.0005727008689858648,0.0007895013860135223,0.008479513224486545,-1,Other
04:00:00,0.85511,0.85538,0.855015,0.855335,2612.950050592427,False,0.0002689728162037497,0.00042689309544283985,0.008481256922458807,-1,Other
05:00:00,0.855335,0.85541,0.854865,0.85493,4379.200071215638,False,-0.00047349868764867686,0.0006375275628315789,0.008481291998192671,-1,Other
06:00:00,0.85493,0.85497,0.85441,0.854915,4916.46008837224,False,-1.754529610609179e-05,0.0006554230404606746,0.008475071934383025,-1,Other
07:00:00,0.85493,0.85597,0.85473,0.855905,11423.080178380033,False,0.0011580098606294165,0.0014507505294069692,0.00849627943791398,-1,Other
08:00:00,0.855905,0.8575349999999999,0.85574,0.8575349999999999,19722.920061469096,False,0.0019044169621627027,0.0020975997382382395,0.008531964439886665,-1,Other
09:00:00,0.85754,0.858,0.85746,0.857475,16565.83997106554,False,-6.996798964464812e-05,0.0006297669862150828,0.00853436339006605,-1,Other
10:00:00,0.857475,0.85755,0.85702,0.8572299999999999,8388.100021004679,False,-0.0002857226158197168,0.0006184219738162826,0.008522951410347595,-1,Other
11:00:00,0.85726,0.8577950000000001,0.857185,0.8576900000000001,13462.930021047598,False,0.0005366121111021194,0.0007116316781092886,0.008527882039851319,-1,Other
12:00:00,0.85768,0.85785,0.8569599999999999,0.85702,9017.100071907053,False,-0.0007811680210799699,0.0010385548917102986,0.00851744099288794,-1,Other
13:00:00,0.85703,0.85711,0.8544849999999999,0.8555200000000001,16534.290117025386,False,-0.0017502508692911478,0.0030720258401260403,0.00850710905586147,-1,Other
14:00:00,0.8555200000000001,0.85575,0.854805,0.85497,15424.64015078546,False,-0.0006428838601085785,0.0011055152929615219,0.008501224331767681,-1,Other
15:00:00,0.854985,0.8555349999999999,0.8538250000000001,0.8554200000000001,18861.88012719156,False,0.0005263342573424978,0.0020027523204402286,0.008515455335394332,-1,Other
16:00:00,0.855445,0.855845,0.85511,0.855185,5947.670086026201,False,-0.0002747188515583865,0.0008595385389013462,0.008513374603480886,-1,Other
17:00:00,0.8551899999999999,0.85547,0.8547499999999999,0.85521,3243.060051321989,False,2.9233440717479908e-05,0.000842351564785088,0.008510241463842189,-1,Other
18:00:00,0.8552,0.855205,0.8547,0.8549599999999999,5396.680077075966,False,-0.0002923258614844215,0.0005908505908505647,0.008508911759089785,-1,Other
19:00:00,0.8549500000000001,0.8549599999999999,0.85334,0.853495,5680.160096883781,False,-0.001713530457565171,0.0018984226685728489,0.008494489138258865,-1,Other
20:00:00,0.8534900000000001,0.85351,0.8531599999999999,0.85341,6914.6800981760125,False,-9.959050726715546e-05,0.0004102395799147552,0.0008357776092944924,-1,Other
21:00:00,0.8534200000000001,0.8537399999999999,0.85318,0.85363,7425.200106315326,False,0.000257789339239034,0.0006563679411142946,0.0008350225972169311,-1,Other
22:00:00,0.85368,0.8540300000000001,0.85345,0.8539,3897.190067529688,False,0.0003162962876186448,0.0006795945866776319,0.0008401175930193674,-1,Other
23:00:00,0.853905,0.853905,0.853445,0.8537950000000001,4927.390091478832,False,-0.00012296521840959862,0.0005389919678479761,0.0008327523606281755,-1,Other
18:00:00,0.8815,0.88237,0.8811899999999999,0.88139,61088.849401622974,True,-0.00012478729438447633,0.0013390982648464804,0.004978801571189748,-1,Hidden Accumulation
19:00:00,0.88139,0.88225,0.8812,0.8819600000000001,96687.41882273548,True,0.0006467057715655589,0.001191556967771216,0.004992289333534478,-1,Hidden Accumulation
00:00:00,0.8616,0.8616,0.860655,0.86086,9113.90013360978,False,-0.08038585209003224,0.0010980009411437623,0.01796015578323069,-1,Other
01:00:00,0.860825,0.86085,0.859545,0.85968,6855.120121002209,False,-0.0013707223009548075,0.001518245118056647,0.01793662733281279,-1,Other
02:00:00,0.8596550000000001,0.8596550000000001,0.85807,0.8594649999999999,12308.33012986184,False,-0.0002500930578820393,0.0018471686459147372,0.0179394528631744,-1,Other
03:00:00,0.8594900000000001,0.8595600000000001,0.85895,0.859445,3839.4800664186537,False,-2.3270290238630587e-05,0.0007101693928635083,0.017924131586218982,-1,Other
04:00:00,0.85944,0.85989,0.858815,0.85988,7918.390098094949,False,0.0005061405907300642,0.0012517247602802095,0.017936160665899124,-1,Other
05:00:00,0.85989,0.86127,0.85982,0.86121,5527.100105404863,False,0.0015467274503420114,0.001686399478960656,0.017970178917102023,-1,Other
06:00:00,0.86121,0.86121,0.85991,0.859965,16564.45025181772,False,-0.0014456404361306019,0.0015117861171518867,0.017950711456918483,-1,Other
07:00:00,0.859965,0.86018,0.85646,0.856835,21142.10035234693,False,-0.0036396830103549993,0.004343460290030994,0.01792385724971397,-1,Other
08:00:00,0.85686,0.8572,0.85559,0.85595,15422.560232877751,False,-0.0010328709728244512,0.0018817424233569821,0.01790265710557644,-1,Other
09:00:00,0.8559399999999999,0.856705,0.85556,0.855985,10434.090198636071,False,4.089023891573618e-05,0.0013383047360793663,0.017923733037207523,-1,Other
10:00:00,0.85598,0.8567899999999999,0.85525,0.85669,12314.710197448749,False,0.0008236125633043212,0.0018006430868167038,0.0179510415062199,-1,Other
11:00:00,0.856695,0.8572200000000001,0.85645,0.8570800000000001,12825.870194911977,False,0.00045524051874079596,0.000899060073559517,0.017978616735820196,-1,Other
12:00:00,0.85707,0.86258,0.8570150000000001,0.861625,86969.91063892846,True,0.005302888878517598,0.0064934686090674385,0.018092820100091365,-1,Major Market Move
13:00:00,0.86164,0.867205,0.8613200000000001,0.8666050000000001,84128.84090662008,True,0.005779776584941443,0.006832536107369987,0.01819406362748427,-1,Major Market Move
14:00:00,0.8666,0.86923,0.8664000000000001,0.868865,40323.61053788666,True,0.0026078778682327997,0.003266389658356288,0.01820520201388087,-1,Major Market Move
17:00:00,0.8679699999999999,0.868215,0.86611,0.866925,36917.47066164022,True,-0.0014570543314251783,0.0024304072231008905,0.01817626207993835,-1,Major Market Move
21:00:00,0.8603099999999999,0.862365,0.8603099999999999,0.862365,432.2499952316287,False,-0.047184195697570375,0.0023886738501239556,0.010527664141474834,-1,Other
23:00:00,0.861925,0.8623000000000001,0.861875,0.862055,15603.800006628053,False,0.00015662706515695568,0.0004931109499638808,0.010497434267735256,-1,Other
12:00:00,0.877555,0.877785,0.872425,0.872965,73330.31077462442,True,-0.005224773517178538,0.006143794595524006,0.0051945257148176775,-1,Major Market Move
13:00:00,0.87299,0.8731450000000001,0.8699399999999999,0.8710549999999999,62364.61062863474,True,-0.0021879456793801877,0.003684162126123784,0.005119492098942397,-1,Major Market Move
07:00:00,0.8720300000000001,0.87429,0.8720300000000001,0.8737900000000001,46148.830214977286,True,0.0020125339005889753,0.0025916539568592006,0.006081895572227044,-1,Major Market Move
14:00:00,0.8757699999999999,0.87736,0.87425,0.87511,47149.510542273565,True,-0.0007878511075587458,0.0035573348584501657,0.006117666238684797,-1,Hidden Accumulation
00:00:00,0.8580099999999999,0.858255,0.85715,0.85726,8535.840093612682,False,-0.017613421495937587,0.0012891559237006623,0.004170670605612475,-1,Other
01:00:00,0.857255,0.857375,0.8562449999999999,0.85658,11276.610155820865,False,-0.0007932249259268165,0.0013197157355664272,0.004170641388483872,-1,Other
02:00:00,0.856565,0.85668,0.85619,0.85626,9303.04011690618,False,-0.0003735786499801108,0.000572302876697918,0.00416012270811473,-1,Other
03:00:00,0.856265,0.856745,0.856125,0.85622,7274.220067739498,False,-4.671478289308695e-05,0.0007241933128923392,0.004109311152900037,-1,Other
04:00:00,0.8562099999999999,0.85653,0.8561300000000001,0.8564700000000001,5355.540083289155,False,0.0002919810329122807,0.0004672187635054909,0.004085845434778233,-1,Other
05:00:00,0.85648,0.856805,0.8561449999999999,0.85629,13482.690110921874,False,-0.0002101649795089866,0.0007708974531184613,0.004074846864528605,-1,Other
06:00:00,0.8562799999999999,0.8579399999999999,0.8561000000000001,0.8573,13424.54017877581,False,0.0011795069427413818,0.0021492816259780887,0.004099637300516613,-1,Other
07:00:00,0.8572949999999999,0.8588,0.85658,0.8584799999999999,19104.550302982367,False,0.0013764143240404536,0.0025917018842373154,0.004128332630403452,-1,Other
08:00:00,0.858475,0.858545,0.85773,0.858155,12493.240218877816,False,-0.00037857608796931785,0.0009501824583493759,0.004062229314657631,-1,Other
09:00:00,0.858185,0.85849,0.8576699999999999,0.85816,11799.56019306185,False,5.826453263191311e-06,0.0009560786782795748,0.00406568290603453,-1,Other
10:00:00,0.85815,0.85898,0.8578699999999999,0.85862,8706.160160899177,False,0.0005360305770485407,0.0012939023395153759,0.004080222534756914,-1,Other
11:00:00,0.8586100000000001,0.85914,0.8582799999999999,0.85906,14131.13019108774,False,0.0005124502108033724,0.0010020040080161287,0.0040581740350670815,-1,Other
12:00:00,0.859055,0.8629100000000001,0.859055,0.8624499999999999,32551.52046561245,True,0.003946173724768798,0.004487489159599854,0.0042055602696651,-1,Major Market Move
13:00:00,0.862465,0.8633200000000001,0.861575,0.86165,26500.47042405609,True,-0.0009275900052175823,0.0020253605315847228,0.004188323538304513,-1,Hidden Accumulation
14:00:00,0.86162,0.8665849999999999,0.8615200000000001,0.86537,30612.720537543333,True,0.00431729820692861,0.0058791438387964,0.004344788086598828,-1,Major Market Move
00:00:00,0.857105,0.85781,0.8568899999999999,0.857665,212.10000598430696,False,-0.046397856336759635,0.0010736500601011005,0.010390661188130427,-1,Other
22:00:00,0.85485,0.85669,0.85485,0.85643,327.2900052070621,False,-0.001439956160039113,0.002152424401941806,0.0003219839858422504,-1,Other
23:00:00,0.85574,0.85634,0.855485,0.856085,15167.52011030916,False,-0.0004028350244620338,0.0009994330701297383,0.000329749173593772,-1,Other
15:00:00,0.87561,0.875685,0.8684499999999999,0.8701749999999999,44600.87047946457,True,-0.0061730510061902555,0.008330934423398127,0.017172166594816483,-1,Major Market Move
00:00:00,0.842515,0.842515,0.84148,0.841835,3669.950086712845,False,-0.0707299842147675,0.0012299757569995818,0.016067357590399515,-1,Other
01:00:00,0.84184,0.8419449999999999,0.8405549999999999,0.8406549999999999,3790.47008681298,False,-0.0014016998580482776,0.0016536693018303413,0.01606714389287686,-1,Other
02:00:00,0.84066,0.841205,0.84022,0.84067,4760.730105757722,False,1.7843229386693693e-05,0.0011723120135202847,0.016066753359031485,-1,Other
03:00:00,0.8406750000000001,0.8409,0.83963,0.83982,3661.930073261267,False,-0.0010110982906491595,0.001512571013422571,0.01606428873256002,-1,Other
04:00:00,0.83985,0.8405100000000001,0.8394299999999999,0.839935,5146.420056581501,False,0.00013693410492732205,0.0012865873271150567,0.016068333010331448,-1,Other
05:00:00,0.8399399999999999,0.840565,0.83981,0.84043,4793.670073509223,False,0.0005893313173044312,0.0008990128719592065,0.016072835041404086,-1,Other
06:00:00,0.84045,0.840885,0.840185,0.8404799999999999,4913.900091171272,False,5.949335459209948e-05,0.000833149841999124,0.016073722060838097,-1,Other
07:00:00,0.8404849999999999,0.8404849999999999,0.838695,0.8394299999999999,11881.270159602178,False,-0.0012492861222158647,0.002134268118922801,0.016066174144954915,-1,Other
08:00:00,0.8394349999999999,0.83971,0.8379000000000001,0.83865,20420.930191636104,False,-0.0009292019584716815,0.002160162310538092,0.016053324207520543,-1,Other
09:00:00,0.838645,0.83918,0.83379,0.83533,23202.080227375045,True,-0.003958743218267391,0.006464457477302445,0.01603289785276615,-1,Major Market Move
10:00:00,0.8353349999999999,0.83731,0.83531,0.8371500000000001,17811.530202388778,False,0.002178779643973172,0.0023943206713675186,0.01606362132124103,-1,Other
11:00:00,0.837145,0.837275,0.83626,0.8364499999999999,10586.080135345468,False,-0.0008361703398437337,0.0012137373544112934,0.01606082531253743,-1,Other
12:00:00,0.83646,0.837395,0.83623,0.8367500000000001,9430.920121908195,False,0.0003586586167734218,0.0013931573849299494,0.01605863779932804,-1,Other
13:00:00,0.83674,0.83971,0.836375,0.839485,21155.070218205463,False,0.003268598745144846,0.003987445822746946,0.016110988710835068,-1,Other
14:00:00,0.83948,0.8397049999999999,0.835135,0.8351649999999999,26206.190246820464,True,-0.005146012138394496,0.005472169170253867,0.01609889118041702,-1,Major Market Move
15:00:00,0.83514,0.83744,0.83328,0.8361350000000001,30275.020296812072,True,0.0011614471391883097,0.00499231950844847,0.01611292416225755,-1,Major Market Move
16:00:00,0.83613,0.8399099999999999,0.83612,0.839675,18232.96022808553,False,0.004233766078444168,0.004532842175764197,0.016186313022426305,-1,Other
17:00:00,0.83968,0.8411150000000001,0.839645,0.84085,14003.370162367828,False,0.001399350939351507,0.001750739896027586,0.015948845749750886,-1,Other
18:00:00,0.840865,0.84267,0.84057,0.842585,16568.60019803049,False,0.0020633882380924895,0.002498304721795913,0.015977810331449266,-1,Other
19:00:00,0.842605,0.844595,0.842205,0.84344,13669.070156097425,False,0.0010147344184858742,0.002837788899377234,0.015988333200925568,-1,Other
20:00:00,0.843445,0.8443350000000001,0.84324,0.84409,8019.110128097247,False,0.0007706535141800419,0.0012985626867796454,0.002187714638029633,-1,Other
21:00:00,0.844085,0.84511,0.8439650000000001,0.84483,5134.6300712972925,False,0.0008766837659490712,0.0013566913319864587,0.0021626029218706805,-1,Other
22:00:00,0.844785,0.84507,0.84404,0.845005,1700.000026613474,False,0.00020714226530782476,0.0012203213117861422,0.0021619477200430746,-1,Other
23:00:00,0.845,0.845005,0.843495,0.84353,13546.580186426654,False,-0.0017455518014686255,0.0017901706589843584,0.002190710876180742,-1,Other
04:00:00,0.862185,0.86232,0.8619049999999999,0.86216,2618.9000684022963,False,-2.8996097125255638e-05,0.00048149157969852157,0.01691147371966253,-1,Other
05:00:00,0.86215,0.862235,0.861375,0.8614550000000001,2880.5700588226373,False,-0.0008177136494386117,0.0009984037149905348,0.016854567030144412,-1,Other
06:00:00,0.861475,0.8624400000000001,0.8614649999999999,0.86227,3442.3300877809606,False,0.0009460737937558861,0.001131792934129849,0.016796631207293244,-1,Other
11:00:00,0.86172,0.861745,0.8590500000000001,0.859085,8438.580156803144,False,-0.0030694068907894945,0.0031371864268667617,0.01673265351693159,-1,Other
12:00:00,0.859055,0.85964,0.8581000000000001,0.85873,11179.800142645852,False,-0.00041323035555274057,0.001794662626733335,0.016659963475286865,-1,Other
13:00:00,0.8587400000000001,0.859615,0.8562350000000001,0.857985,26833.93038225178,True,-0.0008675602342994582,0.003947514409011472,0.016600055790224895,-1,Hidden Accumulation
14:00:00,0.85799,0.8587,0.8563149999999999,0.8573500000000001,25090.220331430468,True,-0.0007401061790124341,0.0027851900293701286,0.01660840966971393,-1,Hidden Accumulation
15:00:00,0.857355,0.85922,0.8567199999999999,0.85685,32221.060338616404,True,-0.0005831923951712392,0.0029181062657578417,0.01655485855251874,-1,Hidden Accumulation
16:00:00,0.856855,0.8578950000000001,0.8563799999999999,0.857755,22253.120241642024,True,0.0010561941996849455,0.0017690744762840738,0.016543313678474055,-1,Major Market Move
17:00:00,0.85776,0.858835,0.85776,0.85816,11349.70017278196,False,0.0004721627970691866,0.0012532643163589445,0.01655024908905254,-1,Other
18:00:00,0.85815,0.858885,0.85788,0.8582749999999999,9886.160125136388,False,0.00013400764426196865,0.0011714925164359043,0.016564680245678455,-1,Other
19:00:00,0.8582650000000001,0.8582650000000001,0.856735,0.856975,6987.370085954674,False,-0.0015146660452650673,0.0017858497668474282,0.016556465593034066,-1,Other
20:00:00,0.8569800000000001,0.85729,0.8563000000000001,0.856305,8798.030095547445,False,-0.0007818197730389276,0.0011561368679200458,0.0009359640725082572,-1,Other
21:00:00,0.8563149999999999,0.85643,0.85606,0.856205,4185.510067239408,False,-0.00011678081991817191,0.000432212695371798,0.000935276596156932,-1,Other
22:00:00,0.8562000000000001,0.856815,0.85605,0.85625,8805.890128254914,False,5.255750667187975e-05,0.0008936393902225521,0.0009306473289113357,-1,Other
23:00:00,0.8562000000000001,0.856385,0.85602,0.856355,14053.910172343269,False,0.00012262773722637732,0.00042639190673109123,0.0009298905063176095,-1,Other
00:00:00,0.85914,0.8594299999999999,0.8587899999999999,0.85883,7325.230108737957,False,-0.10316668842187704,0.0007452345742264977,0.02304761492324442,-1,Volatility Event
01:00:00,0.858835,0.85899,0.85762,0.857685,9674.87010824682,False,-0.0013332091333557727,0.0015974440894568483,0.0230263053760568,-1,Volatility Event
02:00:00,0.8577049999999999,0.85781,0.8573,0.857685,5204.95007443429,False,0.0,0.0005948909366616243,0.023059454753161575,-1,Volatility Event
03:00:00,0.85768,0.85792,0.856985,0.85724,3789.7300903797222,False,-0.0005188385013146224,0.0010910342654772477,0.023031788621121242,-1,Volatility Event
04:00:00,0.8572500000000001,0.857755,0.85725,0.857755,2269.980076909072,False,0.0006007652466053504,0.0005890930300380154,0.023024003173302894,-1,Volatility Event
05:00:00,0.8577600000000001,0.85873,0.85755,0.858615,6728.720106363309,False,0.0010026172974799685,0.0013760130604628987,0.023041062304095385,-1,Volatility Event
06:00:00,0.85859,0.859815,0.857775,0.85971,13484.000183582331,False,0.0012753096556663568,0.002378246043542936,0.02306920857466171,-1,Volatility Event
07:00:00,0.859715,0.85984,0.858115,0.8581300000000001,13090.000184655211,False,-0.0018378290353723292,0.002010220075397922,0.023044753267522203,-1,Volatility Event
08:00:00,0.8581449999999999,0.8581449999999999,0.8566199999999999,0.8574900000000001,11843.530171036742,False,-0.0007458077447473066,0.001780252620765332,0.023047638863551732,-1,Volatility Event
09:00:00,0.85748,0.858495,0.8569549999999999,0.85849,10525.29016125204,False,0.001166194357951511,0.0017970605224312793,0.023043274294617343,-1,Volatility Event
10:00:00,0.85852,0.85939,0.8584400000000001,0.85918,9330.580175519006,False,0.000803736793672627,0.0011066585900003439,0.023055961054645344,-1,Volatility Event
11:00:00,0.8591850000000001,0.8597349999999999,0.858375,0.859495,6407.370123624814,False,0.00036662864591807676,0.0015843891073247902,0.023070296569742316,-1,Volatility Event
12:00:00,0.8595,0.86182,0.859125,0.86085,17959.30018961432,False,0.0015765071350037907,0.003136912556380041,0.023098614378289143,-1,Volatility Event
13:00:00,0.86084,0.8618600000000001,0.86054,0.8611,14910.22025549414,False,0.0002904106406458329,0.0015339205615080053,0.02310386267184525,-1,Volatility Event
14:00:00,0.861155,0.863165,0.85995,0.86009,37983.620623707815,True,-0.0011729183602368076,0.00373858945287513,0.02309684759042064,-1,Major Market Move
15:00:00,0.8601099999999999,0.86212,0.859785,0.861715,8892.28018260004,False,0.0018893371623900368,0.002715795227876709,0.023127486042927296,-1,Volatility Event
17:00:00,0.861405,0.8625400000000001,0.86139,0.86195,4597.280067801484,False,0.0006036474234702993,0.0013350514865509181,0.023130171796391142,-1,Volatility Event
18:00:00,0.8619399999999999,0.862295,0.8618600000000001,0.861915,2754.50005126,False,-4.060560357332932e-05,0.0005047223446963116,0.0231304776852037,-1,Volatility Event
13:00:00,0.8664000000000001,0.8698950000000001,0.8663000000000001,0.86928,28366.0304435492,True,0.0033125194769221267,0.004149832621493725,0.025433988887765564,-1,Major Market Move
14:00:00,0.869275,0.869415,0.8672249999999999,0.867795,38197.77054250246,True,-0.0017083103257868881,0.0025252962034075775,0.02542086256633535,-1,Major Market Move
14:00:00,0.863745,0.864665,0.86085,0.86128,23459.87043273452,True,-0.0028596237337191743,0.004431666376256041,0.007611149239970788,-1,Major Market Move
15:00:00,0.86128,0.8622650000000001,0.859305,0.859695,24861.18038463596,True,-0.0018402842281256548,0.003444644218292776,0.007599011485393122,-1,Major Market Move
16:00:00,0.8597049999999999,0.861235,0.859685,0.861,15838.310190200826,False,0.0015179802139131393,0.0018029859774218932,0.007633055466541717,-1,Other
19:00:00,0.86162,0.86163,0.860695,0.8608199999999999,3620.540067672735,False,-0.0009052924791087547,0.0010863313949773371,0.007650565174131539,-1,Other
20:00:00,0.86081,0.8611850000000001,0.86069,0.860715,3195.560063004499,False,-0.0001219767198716859,0.0005751199618911969,0.00116751085816632,-1,Other
21:00:00,0.86073,0.8611249999999999,0.860725,0.860935,2908.970033101741,False,0.00025560144763359105,0.0004647245055040297,0.0011707869690949734,-1,Other
22:00:00,0.860915,0.86095,0.86029,0.8606750000000001,11348.68026557567,False,-0.00030199724717883125,0.0007671831591672505,0.0011706936938140993,-1,Other
23:00:00,0.86067,0.861,0.860575,0.860705,23352.33013892176,True,3.485636273858894e-05,0.0004938558521918586,0.0011732265970059645,-1,Hidden Accumulation
