timestamp,type,price,volume,volatility,rsi
00:00:00,High Impact Event,1.093235,25048.840739689836,0.0959371807010317,59.84746189408157
00:00:00,High Impact Event,0.95694,57231.49934867025,0.15155718027447712,47.12355973608786
01:00:00,High Impact Event,1.12634,38060.09031430636,0.09866385156368677,56.66210471934961
01:00:00,High Impact Event,0.96533,102067.4092497155,0.09599023054064788,39.53860320845248
02:00:00,High Impact Event,1.07303,56806.51943270118,0.12785887673569846,50.00189938333354
02:00:00,High Impact Event,1.06742,27515.47057646518,0.13872435073351144,55.97483859849137
02:00:00,High Impact Event,1.14713,36214.38044989113,0.16640802279262443,56.53130217604283
03:00:00,High Impact Event,1.027375,45416.26958359779,0.06191664121894968,39.79095634676654
03:00:00,High Impact Event,1.05401,67849.69096589099,0.15713149800072185,53.25509834680825
03:00:00,Hidden Accumulation,1.06084,113932.07914758474,0.13551800823784732,52.22433574676999
04:00:00,High Impact Event,1.121075,27534.490229249022,0.1252866682659058,60.640988052481134
04:00:00,High Impact Event,1.0828950000000002,23557.420381456646,0.1503512115550188,53.62442996665586
04:00:00,High Impact Event,1.11255,22665.48052918916,0.14004096812789285,58.599037186911325
04:00:00,High Impact Event,0.97149,93591.59867464007,0.11367290416574873,46.787643752513425
05:00:00,High Impact Event,0.98256,49794.75958210231,0.09489992099304591,42.46790985740805
06:00:00,High Impact Event,1.231655,14441.74005366862,0.183484714878655,57.27651152534715
06:00:00,High Impact Event,0.99699,61562.139649212375,0.16889645630641137,45.47669649262925
06:00:00,High Impact Event,0.97818,61343.79957838358,0.1083796661807416,44.34904858053655
06:00:00,High Impact Event,0.964285,44391.28024697307,0.08656890879582534,38.14664183359308
06:00:00,High Impact Event,1.1213099999999998,65037.54963698984,0.13483001267330302,60.48859475602304
06:00:00,High Impact Event,0.97996,75935.12952902915,0.11086673150801972,45.62092965796306
06:00:00,High Impact Event,0.98977,109099.3586669788,0.12075310993486447,42.35218781840824
07:00:00,High Impact Event,0.96786,98235.49934129415,0.12662291323405153,47.58819192777993
07:00:00,High Impact Event,1.024475,63880.88951297106,0.08543278953178929,37.238125440907126
07:00:00,High Impact Event,0.97075,104708.49893491718,0.1636033349095964,47.89007355138305
07:00:00,High Impact Event,1.045955,84810.96992819756,0.13490933086551932,48.53299241476527
07:00:00,High Impact Event,0.991085,53322.13052988057,0.1669277599777321,43.18708792870537
07:00:00,High Impact Event,0.99407,74377.04971925916,0.16390557024169142,47.551523075921
07:00:00,High Impact Event,1.04074,104013.019031778,0.08855955519528927,47.798511607242034
07:00:00,High Impact Event,1.003315,81133.89932121338,0.14372422758921238,48.84779127446003
08:00:00,High Impact Event,1.077985,108716.31915514918,0.13446558457021512,50.31878977342886
08:00:00,High Impact Event,0.98795,145039.11981879923,0.1209124417773343,47.31964257033976
08:00:00,High Impact Event,1.044435,93271.36899168792,0.16859811493443774,47.8348127768755
08:00:00,High Impact Event,0.99866,85819.38960973176,0.1453159797075709,46.35136947559319
08:00:00,High Impact Event,0.869175,53500.36076527837,0.1391536743020384,43.488402393565465
08:00:00,High Impact Event,1.0552,82822.23949959129,0.15976215694767493,54.89951746409892
09:00:00,High Impact Event,1.03817,75848.79907290639,0.13584894841342357,47.9287697126962
09:00:00,High Impact Event,1.07258,91000.46928554772,0.15678501053983962,50.1849764590801
09:00:00,High Impact Event,1.06704,127244.60923113675,0.124522473923536,50.472824431778925
09:00:00,High Impact Event,1.0678,83628.82949501276,0.1388574470174532,56.650466976480374
09:00:00,High Impact Event,0.969345,84882.1299148649,0.16626831011405707,51.91594023372116
09:00:00,High Impact Event,0.964655,85929.85987693073,,55.34680780879839
09:00:00,High Impact Event,0.976315,60878.019726395614,0.09379342819671364,40.155002891844994
09:00:00,High Impact Event,1.103745,42791.71978340298,0.13066136695522737,56.99310150309669
09:00:00,High Impact Event,0.979735,70560.35001336785,0.13647508350379509,47.12044182270673
10:00:00,High Impact Event,1.06271,88949.74948015064,0.12341835361313752,49.10116556646998
10:00:00,High Impact Event,0.982265,81573.14921662214,0.16743255717573083,47.94342589303678
10:00:00,High Impact Event,0.989595,74199.91073334224,0.17622060634828995,48.24291806637601
10:00:00,High Impact Event,0.95743,170485.7777612135,0.1282869135686409,44.55312345381166
11:00:00,High Impact Event,1.05876,89163.97950612754,0.1268111720504959,49.93314611830781
11:00:00,High Impact Event,0.987845,69532.26957198979,0.16605912578101095,53.28926087659712
11:00:00,High Impact Event,1.05478,54862.45984274149,0.11370398975336138,54.052679141309774
11:00:00,High Impact Event,0.98138,55270.76073044544,0.0666131354339794,49.40913311386849
12:00:00,High Impact Event,0.942965,47988.28040999923,0.166450954057875,51.18767959123878
12:00:00,High Impact Event,1.07345,106590.76987860352,0.13959464468004631,55.95335770811513
12:00:00,High Impact Event,1.003735,119708.65952912718,0.11343019607085644,45.278477191883155
12:00:00,High Impact Event,1.10592,114961.6390361041,0.1024098707514015,51.30756381817006
12:00:00,High Impact Event,1.0158,93127.68959023803,0.08083464294511589,52.92259659164824
12:00:00,High Impact Event,1.098895,95953.63934672624,0.09361020697650983,51.226901677293576
12:00:00,High Impact Event,1.10094,117721.4191536829,0.13425824317336504,55.99516449972542
12:00:00,High Impact Event,1.091195,87538.26947028935,0.11814136015864862,48.892159665245494
12:00:00,High Impact Event,0.96223,43862.81043761972,0.13248192304200668,39.40031756582105
12:00:00,High Impact Event,1.05818,95910.759409152,0.09113563964011175,47.64562596880518
12:00:00,High Impact Event,0.975785,91671.8994730711,0.07742849557734648,43.17602427921092
12:00:00,High Impact Event,1.000645,101208.33939688656,0.09427676231926532,46.57586935567584
12:00:00,High Impact Event,1.021205,63220.18968448044,0.042482011428699895,31.470237010949873
12:00:00,High Impact Event,1.000775,91095.3894174248,0.04788342234495395,43.26771548385374
12:00:00,High Impact Event,0.984745,133210.11942033473,0.07778063766838449,45.01486446561785
12:00:00,High Impact Event,0.97503,116205.58984363078,0.12634778472383967,44.73099982191971
12:00:00,High Impact Event,1.067685,107528.22926381227,0.14239449521794145,54.60776250342694
12:00:00,High Impact Event,1.0324300000000002,80295.31972000003,0.11516798146799266,47.97800504554587
12:00:00,High Impact Event,1.069645,150230.97907482836,0.1555432848979349,50.12053901144075
12:00:00,High Impact Event,0.861625,86969.91063892846,0.12651970939231308,42.484327114011506
12:00:00,High Impact Event,1.0964,85150.64945738018,,39.98125028581881
12:00:00,High Impact Event,1.049635,100681.85959272832,0.1693385163970834,49.302654942644395
12:00:00,High Impact Event,0.966835,120844.73922844978,0.15091775306760816,47.027634814564266
12:00:00,High Impact Event,1.00113,48329.01038061832,0.11529462375955905,47.135165456253
12:00:00,High Impact Event,1.004515,62504.60071264959,0.10801321043714171,54.10163015142068
12:00:00,High Impact Event,0.85748,54973.37040865427,0.10209075228905352,46.460208264618586
12:00:00,High Impact Event,0.96718,53204.59092912086,0.09329154079228426,48.42239074637439
12:00:00,High Impact Event,0.91672,88903.5405222104,0.13085002296309425,50.012900787493145
12:00:00,High Impact Event,0.976925,59039.17065596586,0.09490015350539055,53.018689594194946
12:00:00,High Impact Event,0.8949750000000001,70881.58090303847,0.12347391154023468,47.196431137232906
12:00:00,High Impact Event,0.90979,55669.98125982296,0.08293764111882494,30.67756473913377
12:00:00,Unknown,0.90281,23151.63056015973,0.09626389363152424,48.75394433901902
13:00:00,High Impact Event,1.060665,114215.30945582688,0.10965741062042594,49.29841527611784
13:00:00,High Impact Event,1.06218,113462.09923099728,0.13514371534279554,55.42979965170461
13:00:00,High Impact Event,0.969405,156642.35893735292,0.09881077193288586,46.71841841137453
13:00:00,High Impact Event,0.987545,144577.25857149813,0.11469775498783526,41.74680922648047
13:00:00,High Impact Event,1.02126,111212.16924250127,0.15775582299596783,49.11314103968795
13:00:00,High Impact Event,0.983825,96858.79993947595,0.18172310852811935,52.03868559420469
13:00:00,High Impact Event,1.078935,85954.85956351459,0.15116309892812413,50.55146585341981
13:00:00,High Impact Event,1.083985,124326.69926136734,0.15842624172648603,55.64986705305475
13:00:00,High Impact Event,0.973715,141767.92920471728,0.1245662896405446,47.34107719078212
13:00:00,High Impact Event,0.996795,111006.05918945374,0.09821652269934508,46.38428397899171
13:00:00,High Impact Event,1.0829149999999998,134201.3293089271,0.1170370312852928,48.527700369254376
13:00:00,High Impact Event,1.03303,92969.45916426185,0.16183437600615538,52.20252762484118
13:00:00,High Impact Event,1.076075,136253.16981262714,0.12301054205236861,54.999116343565625
13:00:00,High Impact Event,0.9998,88563.52946125717,0.16956376406084278,45.21979751350784
13:00:00,High Impact Event,1.046245,146304.28879262507,0.11394159822637935,49.65748871706959
13:00:00,High Impact Event,1.04386,144552.6090655178,0.14282083621023303,44.542192060100824
13:00:00,High Impact Event,0.979755,201273.1181323454,0.1314087226854465,42.046993718931574
13:00:00,High Impact Event,1.06465,128309.2888204977,0.14705299444133402,46.428128112235335
13:00:00,High Impact Event,1.01226,126951.96928968282,0.10228309030405361,57.38732255332155
13:00:00,High Impact Event,1.003775,60880.11065459257,0.16821770744545644,48.51455668062215
13:00:00,High Impact Event,1.100815,136449.80903755876,0.162728424811324,48.15460405199454
13:00:00,High Impact Event,1.04895,100886.57919389012,0.15343709615009776,53.412454421963254
13:00:00,High Impact Event,0.960505,143895.64950577915,0.09506930785760369,43.75236873560537
14:00:00,High Impact Event,0.992925,110953.1893630773,0.16562640274150528,42.785875553147285
14:00:00,High Impact Event,0.988535,158099.6484010369,0.10406718639682547,54.11797931302291
14:00:00,High Impact Event,0.9718,140686.6888866723,0.16696791102598568,51.06313753883661
14:00:00,High Impact Event,1.06665,154221.0589791015,0.16295602050190008,54.54652624960705
14:00:00,High Impact Event,1.09102,93478.2694690451,0.08203289413964049,57.46231155778894
14:00:00,High Impact Event,0.981375,127717.16935677828,0.14380035103823383,46.33200804190446
14:00:00,High Impact Event,1.07677,133310.8094479144,0.14421649693036978,55.4251040242839
14:00:00,High Impact Event,1.077165,123138.919299379,0.10022328630392988,47.83956783956783
14:00:00,High Impact Event,0.91984,59341.731073737246,0.11284532074610701,39.396729292803194
14:00:00,High Impact Event,0.97972,190724.63887600604,0.12354598378381428,53.48285555015241
14:00:00,High Impact Event,1.04706,136227.50911317766,0.17012085535986254,51.25316721740248
14:00:00,High Impact Event,1.0699,132480.2890684307,0.16691764596902992,46.10946791355812
14:00:00,High Impact Event,1.07524,172077.26981315017,0.1180045154001938,49.02770029487778
14:00:00,High Impact Event,0.976545,109474.90009948613,0.15648353714817448,47.418475187554186
14:00:00,High Impact Event,1.040045,142927.66929427537,0.1435164116448453,49.64860575833145
14:00:00,High Impact Event,1.00304,108502.98985475302,0.1613780568041618,53.15240413578413
14:00:00,High Impact Event,0.918955,62561.51137733471,0.17439411287848994,43.49318922494275
14:00:00,High Impact Event,0.976975,54785.90089154252,0.18175556275754684,51.36668348590788
14:00:00,High Impact Event,0.98691,104311.1695786193,0.12241734866090284,46.71188269523497
14:00:00,High Impact Event,0.984515,102849.0492749736,0.1684821242324971,51.67746021770405
14:00:00,High Impact Event,1.01641,164704.55891470614,0.15593020222608572,54.536594648989514
15:00:00,High Impact Event,0.967905,104227.18960106374,0.1351485520352722,41.84713988142926
15:00:00,High Impact Event,1.048725,142356.43861769143,0.1406267999444827,53.95757170240069
15:00:00,High Impact Event,1.080185,112277.0492366925,0.11373066438365947,51.291556917940106
15:00:00,High Impact Event,0.9855,208420.2486239225,0.1487349649076123,45.660869473765395
15:00:00,High Impact Event,1.006615,100147.13920437546,0.12864112749588036,47.225623879996704
15:00:00,High Impact Event,1.064845,102547.03919344395,0.13041821710404553,46.22420830757328
15:00:00,High Impact Event,1.085835,139881.4592908919,0.11513035037330348,49.12707138930339
15:00:00,High Impact Event,1.02984,119716.7190634385,0.1276715514145296,47.28586434375975
15:00:00,High Impact Event,1.07158,135015.6802554801,0.16839239699928893,49.60732512325928
15:00:00,High Impact Event,0.97791,145779.29892655465,0.13337007360072806,47.23055983167605
15:00:00,High Impact Event,1.05856,164366.22916695478,,50.966024531567456
15:00:00,High Impact Event,1.06214,101834.6294406727,0.10961850644785373,54.112782948517065
15:00:00,High Impact Event,1.06018,117811.08963441104,0.14062797946688219,50.45397753558649
15:00:00,High Impact Event,1.00279,116972.23907309028,0.13383832813241409,53.03345972004332
16:00:00,High Impact Event,1.116975,44494.28016352656,0.03364366764741825,55.14529138400725
16:00:00,Unknown,1.089245,9119.370233654996,0.021683672838203723,59.46519934356604
16:00:00,Unknown,1.04916,3249.2400041818623,0.021198112957635663,46.468749999999986
16:00:00,Unknown,1.10851,11878.280383586914,0.019787731838714195,61.55876838053886
16:00:00,High Impact Event,1.121385,21902.77022325994,0.019210300387046388,66.03823862500832
16:00:00,Unknown,1.048995,3708.620008826256,0.016293827458858216,42.73467200775651
16:00:00,Unknown,1.03962,7965.260020732881,0.01914246055402828,39.78851151536881
16:00:00,Unknown,1.042415,5332.030019640924,0.019813192142953996,32.165763324299945
16:00:00,Unknown,1.038405,12058.42002439499,0.019794088643333145,35.18093120908985
16:00:00,High Impact Event,1.136235,23400.800282955188,0.023180066817785804,60.68422091791861
16:00:00,High Impact Event,1.104845,40286.11097350724,0.025346397565076118,53.61015785861359
16:00:00,High Impact Event,1.08945,40774.52071809776,0.02969536660151864,56.61590305229733
16:00:00,High Impact Event,1.103345,33409.240825176304,0.020772797876963938,58.45366321851337
16:00:00,High Impact Event,1.09937,41692.98108446607,0.01731903684339443,48.400397037489476
16:00:00,Unknown,1.10382,9213.410077691084,0.01751560235162636,60.86549139367015
16:00:00,Unknown,1.03306,8111.840012669564,0.021448991830240575,40.221914008321825
16:00:00,Unknown,1.04155,15046.000029206278,0.02508126946990081,39.27380511300481
16:00:00,Unknown,1.1092300000000002,20961.350125193607,0.029966637625749824,60.96476075315255
16:00:00,Unknown,1.045785,4369.8200147151965,0.02834345204163456,38.90235393485366
16:00:00,High Impact Event,1.09309,23009.28037559989,0.021904819182577234,59.83001890987677
16:00:00,High Impact Event,1.133785,39590.06034839158,0.02205977686710595,60.878150279199176
16:00:00,High Impact Event,1.0835,31679.480420231856,0.02447014781817064,51.18533328572958
16:00:00,High Impact Event,1.05269,28844.160518288656,0.02017190084293511,39.268775083050066
16:00:00,Unknown,1.05606,20005.34020745756,0.023150955883699597,36.92224858243735
16:00:00,High Impact Event,1.10133,33573.160843968464,0.030912189599116454,57.89473684210523
16:00:00,High Impact Event,1.115165,32568.710335493102,0.02328416773035469,64.8553857980205
16:00:00,Unknown,1.03821,20229.160039901737,0.025118851416509335,38.70921579851178
16:00:00,High Impact Event,1.09328,27185.210148811355,0.026281968903537675,52.41257901896455
16:00:00,Unknown,1.088295,8453.05019474031,0.031232184063811872,60.21329147526604
16:00:00,Unknown,1.07263,5991.089998483658,0.024277672956592805,58.762490392006114
16:00:00,Unknown,1.03427,6851.530014395715,0.02117150570963262,38.247287645503334
16:00:00,Unknown,1.05979,6460.070015192034,0.019585382622961913,41.81814421903756
16:00:00,Unknown,1.042385,1836.1400053501131,0.019880422918238477,40.671761866452115
16:00:00,High Impact Event,1.07291,24703.90998697281,0.02103281611218664,47.239417918214286
16:00:00,Unknown,1.13105,18995.310351610216,0.025853289965697374,59.134782106114926
16:00:00,High Impact Event,1.043325,50549.26995599269,0.03190163087046866,51.03467976918243
16:00:00,High Impact Event,1.064955,41321.909894526,0.031021472847971382,48.33021573762314
16:00:00,Unknown,1.11575,14809.610399842297,0.032293419055136253,62.811101480551166
16:00:00,High Impact Event,1.069955,41667.070090889945,0.02118975992077005,50.857515263771674
16:00:00,Unknown,1.08426,21130.86040103437,0.021656511912186795,57.49533599151333
16:00:00,Unknown,1.046915,6846.3500337600735,0.022201009969624673,41.33194411958577
16:00:00,Unknown,1.107015,18704.740608215383,0.027534709629164506,61.215176947378524
16:00:00,Unknown,1.08511,4132.3000739812815,0.0238531343224821,57.94437643326374
16:00:00,High Impact Event,1.144235,34232.62053608899,0.02991911034006198,58.72768152360799
16:00:00,High Impact Event,1.0889799999999998,29647.06012165547,0.03204225251976763,52.44732117547007
16:00:00,High Impact Event,1.107935,33231.350910782894,0.03307041915781024,52.50592356031727
16:00:00,Unknown,1.03309,4810.089999437332,0.03642641579594569,36.659985357130005
16:00:00,Unknown,1.06714,1417.790034644309,0.036292671287504165,49.53947692459244
16:00:00,High Impact Event,1.07187,28564.030496239702,0.028637419666708196,48.663613172541744
16:00:00,High Impact Event,1.07743,27714.100294292,0.025680154676045192,46.13426941641072
16:00:00,Unknown,1.07959,14198.390249967577,0.020959263615829088,61.44220010600083
16:00:00,Unknown,1.094885,10180.200186967866,0.019958637103922098,59.33482392397991
16:00:00,Unknown,1.0472549999999998,19567.580046176918,0.019481270856407436,37.143277434539606
16:00:00,Unknown,1.034695,12538.18005096913,0.017208238422598075,38.443850016425024
16:00:00,High Impact Event,1.0772050000000002,37305.40023338797,0.023252310113576365,47.45768443835712
16:00:00,Unknown,1.11761,12292.6503018141,0.026373518902944808,60.33983468538442
16:00:00,High Impact Event,1.116565,41828.01051199441,0.029195558276318336,60.12996941896026
16:00:00,High Impact Event,1.1393749999999998,30375.400070428863,0.03788006097301434,60.229692802893986
16:00:00,High Impact Event,1.07531,49516.91025555136,0.034698104560684145,51.57539474311882
16:00:00,High Impact Event,1.09483,32762.510610103654,0.029789938452891084,57.95192392357139
16:00:00,High Impact Event,1.136525,28981.520515441945,0.02232022418747408,66.08746147317646
16:00:00,Unknown,1.11494,11225.480193257345,0.02529747033299436,60.462809248086835
16:00:00,High Impact Event,1.1020500000000002,42611.231098175136,0.026644545305681274,54.46800256635982
16:00:00,High Impact Event,1.086375,34150.41064107423,0.025098886843369278,48.71134413436773
16:00:00,High Impact Event,1.0723250000000002,33771.47076785571,0.026014450662685897,39.8108176739462
16:00:00,Unknown,1.04899,5584.580003976822,0.028835412207079372,38.49938212595306
16:00:00,Unknown,1.113175,12747.800383448634,0.028544741279778418,60.16727652901204
16:00:00,High Impact Event,1.100465,33098.060863733364,0.029739417488536132,54.71793377997864
16:00:00,Unknown,1.07612,14061.34000134468,0.02033793442400107,39.314487295609496
16:00:00,High Impact Event,1.067575,31263.31073367602,0.014384878293608915,46.468075144846964
16:00:00,Unknown,1.053055,11044.820045709615,0.014609703183563832,34.24326084933466
16:00:00,Unknown,1.07912,13005.710297822963,0.014386114806596496,41.81776363706063
16:00:00,Unknown,0.982975,20362.39020586016,0.024257883658462313,26.591102985984193
16:00:00,Unknown,0.89211,7148.6601711511785,0.04765238837565445,29.312708266000953
16:00:00,High Impact Event,1.05965,116349.6892132312,0.1521872969572964,49.912358162093646
16:00:00,Unknown,0.9873,13671.78020083906,0.07392275863431842,58.360140958096366
16:00:00,High Impact Event,0.998675,27555.440280795123,0.08412260981326644,41.32437074806929
16:00:00,Unknown,1.07449,8106.740036129954,0.09010910506814508,66.14157915208091
16:00:00,High Impact Event,1.063085,22930.3205480576,0.08916754509107121,57.65748996395089
16:00:00,High Impact Event,0.94139,28941.5805920363,0.08758422740393963,50.98820301783264
16:00:00,High Impact Event,0.983795,25789.41031134131,0.07543030494797968,52.237306873028274
16:00:00,High Impact Event,0.999945,37014.480386495634,0.07139396494928592,58.11723234057939
16:00:00,Unknown,0.927275,18557.120550036478,0.06445079707979207,50.6953725528313
16:00:00,High Impact Event,0.944605,25042.79019939901,0.053867210807865246,51.058075536154874
16:00:00,High Impact Event,1.1025,42711.98115706453,0.06695493094291867,62.10231829813237
16:00:00,High Impact Event,0.94876,40985.460099935546,0.08334787250489704,53.0770533446232
16:00:00,High Impact Event,0.997545,27038.79037129882,0.05866785403262849,56.19091231387379
16:00:00,High Impact Event,1.1064699999999998,33805.74079012877,0.0937008197164624,57.446470861105006
16:00:00,High Impact Event,1.072815,27249.100656509443,0.0821270928980769,60.72658601528133
16:00:00,High Impact Event,0.945075,35243.61021018031,0.08110998720809502,53.09273785425101
16:00:00,High Impact Event,1.0685950000000002,33012.229864135385,0.07496461124566192,58.97434161532735
16:00:00,High Impact Event,0.95814,78625.23973663896,0.15034425343502883,49.24480852922132
16:00:00,High Impact Event,1.080325,20950.020606517846,0.06806670788611571,66.35349383440986
16:00:00,High Impact Event,0.940225,37701.48013544083,0.07558125435853785,54.173953296985914
16:00:00,High Impact Event,0.976745,41175.37025821212,0.06480075120049156,51.20571299253187
16:00:00,High Impact Event,1.06786,26383.730325460467,0.07059921355461203,59.24197027411541
16:00:00,High Impact Event,0.84174,32846.90026736264,0.0803450807402489,46.76587441521499
16:00:00,High Impact Event,0.87063,51829.79065406326,0.13124626127866887,50.25993963817797
16:00:00,High Impact Event,0.99948,55951.07084462053,0.10707265589093723,53.980000318974184
16:00:00,High Impact Event,0.893385,46964.741039156994,0.17205356055392346,50.135880505676795
16:00:00,High Impact Event,0.98391,157228.63937598467,0.15889453137805895,46.114466449622235
16:00:00,High Impact Event,0.99151,80167.26927149297,0.06669395354518994,45.297941370033826
16:00:00,High Impact Event,1.08773,83638.67959874123,0.13377711518157484,53.29859546003642
16:00:00,High Impact Event,0.99907,85583.46002809703,0.1590894622679529,44.37924464990391
16:00:00,High Impact Event,0.977465,99037.2693280056,0.14443355115271228,47.48518301018067
17:00:00,High Impact Event,1.0615100000000002,51459.24956783652,0.06522533043957099,42.06326398310466
17:00:00,High Impact Event,1.05075,88478.1195428148,0.06908657372316969,48.30124864238387
17:00:00,High Impact Event,1.0556800000000002,76369.38919755073,0.06951459757132086,48.057800779205685
17:00:00,High Impact Event,1.076055,96744.51925471428,0.06476913979953161,52.171489307933015
17:00:00,Unknown,1.0727600000000002,23709.209825225174,0.041337886368038985,35.928657381482864
17:00:00,Unknown,1.187095,3389.790009699763,0.03622340181178629,62.6134426682637
17:00:00,High Impact Event,1.0651350000000002,40032.59978561103,0.03743136623966579,43.67433474013753
17:00:00,Unknown,1.217665,5484.199996635319,0.04486320381908086,68.22153224059497
17:00:00,High Impact Event,1.09422,40830.34959045053,0.07857396509717854,47.80349462533884
17:00:00,High Impact Event,1.084875,65365.47948523612,0.05862412965926689,44.55925293760845
17:00:00,High Impact Event,1.0599150000000002,72336.84948976338,0.07057667963712952,46.686504800324386
17:00:00,Unknown,1.057265,12239.029931396244,0.06309365127348265,27.328285791982097
17:00:00,High Impact Event,1.00219,50336.04972509295,0.07605168205937854,39.42474436404951
17:00:00,High Impact Event,0.930715,32711.09082424648,0.12769953695703357,42.66599494801814
18:00:00,High Impact Event,1.088085,155878.3388114572,0.11845368394467369,50.4811351527672
18:00:00,High Impact Event,0.990555,167112.85886091742,0.12769359627458107,47.52760503695026
18:00:00,High Impact Event,1.01847,85967.06930027159,0.15473120418609818,45.90692760100608
18:00:00,High Impact Event,0.988495,166249.78838706017,0.12055162213437326,47.584082275548965
18:00:00,High Impact Event,1.18387,49987.04496718944,0.10669240701272077,53.77499883747134
18:00:00,High Impact Event,1.08344,116131.70918528736,0.13660297620138118,49.7869272324215
18:00:00,High Impact Event,1.030935,122389.31933649632,0.14175659584208405,52.50581894603634
18:00:00,High Impact Event,1.106005,150825.00873778018,0.13159536471133923,53.873642081189246
18:00:00,High Impact Event,1.037215,126794.84867592902,0.07381574288406012,52.51477250344691
18:00:00,High Impact Event,0.945275,64206.25030696398,0.07460941967095301,39.2614182967612
18:00:00,High Impact Event,1.19773,58341.06996701658,0.13576664805394142,57.31919373074974
18:00:00,High Impact Event,1.0686749999999998,124970.29913268238,0.15024029464083827,54.29721356658079
18:00:00,High Impact Event,1.04225,75992.74797798692,0.11344376977270909,48.31537959335944
18:00:00,High Impact Event,0.91721,56163.65147054208,0.1506870892662635,45.95518361447519
18:00:00,High Impact Event,1.1001,105625.55928449333,0.15395005996088584,49.06760047252827
18:00:00,High Impact Event,1.0616,169053.09861890227,0.15887936873627173,49.40325894327432
18:00:00,Volatility Event,1.21717,3268.0600030571227,0.1975965612499565,56.87928530811923
18:00:00,High Impact Event,1.2018,71041.99998872727,0.14781372913863927,54.70465488383067
18:00:00,High Impact Event,1.070215,152315.66851590577,0.13947242872436105,48.532090148524155
18:00:00,High Impact Event,0.96235,79823.33123511088,0.11533373416553179,51.065072256942734
18:00:00,High Impact Event,0.922275,47791.839958190925,0.12577388721884722,43.214513890418814
18:00:00,High Impact Event,0.94718,45008.52058064941,0.1711693929612805,50.933489703104605
18:00:00,High Impact Event,0.99821,72348.01104629794,0.14884866121244936,50.642823061890105
18:00:00,High Impact Event,0.99878,60325.73147232843,0.11070155905614201,52.48537181162302
18:00:00,High Impact Event,0.98444,78447.29951876402,0.07461633221771746,43.53887067845878
18:00:00,High Impact Event,0.92365,53844.81123578559,0.11553076091092851,49.30421301179853
18:00:00,High Impact Event,0.959085,60125.44083850838,0.12168615327815067,50.92209896860592
18:00:00,High Impact Event,0.8968050000000001,86809.86094322811,0.13200633456343705,50.012198022700524
18:00:00,High Impact Event,1.019965,50327.16962248087,0.11216248325158398,53.334742968548404
18:00:00,High Impact Event,0.974525,46677.81084172434,0.1382233696221803,51.56256130026622
18:00:00,High Impact Event,1.119745,33517.290571682206,0.1207399963802453,57.19451064179473
19:00:00,Hidden Accumulation,0.966135,53119.25077271468,0.12023122674356364,44.101281507061486
19:00:00,High Impact Event,0.92465,74789.13199935126,0.14341443233576354,50.192556520462375
19:00:00,High Impact Event,1.200475,32936.72000079603,0.1759883047208606,57.55491868148336
19:00:00,High Impact Event,1.0567350000000002,72762.05957593024,0.17308480032691845,49.217911083821875
19:00:00,High Impact Event,1.0977899999999998,159465.78918415308,0.13712195837645236,49.75151546374049
19:00:00,High Impact Event,1.104495,44707.88978368043,0.16678781554430472,55.231843000183666
19:00:00,High Impact Event,1.066395,181661.6882863492,0.12081384302548234,49.56808625019331
19:00:00,High Impact Event,0.94244,67901.1104727984,0.16652686283193394,41.79249989309995
19:00:00,High Impact Event,1.041365,116761.26915679872,0.1702753035408717,53.46299230394905
19:00:00,High Impact Event,1.036415,120032.1694309786,0.127270774471005,51.9707666406488
19:00:00,High Impact Event,0.909365,55841.63145980997,0.12401740973427089,50.04031021025521
19:00:00,High Impact Event,1.0601,100531.3190477416,0.15873906778457092,47.43234730394456
19:00:00,High Impact Event,0.982875,117426.32890839876,0.09526124158518122,53.78308436048037
19:00:00,High Impact Event,0.985115,123540.41923404484,0.11168124983465724,47.012899881064925
19:00:00,High Impact Event,1.04106,74142.00966368617,0.15835759675706004,49.51344857505173
19:00:00,High Impact Event,1.0887950000000002,150953.52915563434,0.12980133389329038,50.18347682161691
19:00:00,High Impact Event,1.002465,55561.69086468227,0.1205330036212211,52.638830967354494
19:00:00,High Impact Event,0.86961,71867.62131008515,0.13781312835467283,43.337143694201544
20:00:00,High Impact Event,1.2323849999999998,29685.0950068608,0.09718772277700997,54.666035558344724
20:00:00,High Impact Event,0.92368,44272.24130412202,0.12996719987004535,49.697364500505365
20:00:00,High Impact Event,1.075015,41251.340800449296,0.10937938299202542,62.39752898465863
20:00:00,High Impact Event,0.87149,37136.5407075957,0.18219404511297163,49.40578711677575
21:00:00,High Impact Event,1.08278,9108.960235789438,0.036409407690462185,55.77391047857828
21:00:00,High Impact Event,1.0478649999999998,6304.700169399396,0.030060750090925376,40.28170516993007
21:00:00,Unknown,1.07715,2822.7900643348758,0.023432506680493282,57.02524698133917
21:00:00,Unknown,1.0733700000000002,2366.7100300937923,0.021281427222212955,57.825161175844386
21:00:00,Unknown,1.04746,1824.0299971103664,0.020524687756371326,37.82333341811432
21:00:00,High Impact Event,1.05768,8489.669989921153,0.026390850162697016,50.24979291778836
21:00:00,High Impact Event,1.060065,8092.040136612964,0.0307241646260786,42.4478629658652
21:00:00,Unknown,1.11442,3235.920044556266,0.02712204709636279,45.46509098818236
21:00:00,Unknown,1.107065,1349.2100368589197,0.02617217419745545,62.08705983300883
21:00:00,Unknown,1.105195,3114.86008274556,0.025538520213404334,60.43057272352696
21:00:00,Unknown,1.072375,201.4499976038931,0.024128155864045802,46.89910393147466
21:00:00,High Impact Event,1.134675,6773.000092349954,0.03436255214385435,62.88758386754529
21:00:00,Unknown,1.1110250000000002,2602.9099726676927,0.02825561232875647,59.593925537874554
21:00:00,High Impact Event,1.091945,9843.36997615546,0.026684298258013602,49.07900791118104
21:00:00,Unknown,1.07269,787.4800221920029,0.02435669179772603,39.91867935268764
21:00:00,High Impact Event,1.073015,10415.260111913096,0.023589826332469015,50.01586350336661
21:00:00,High Impact Event,1.097215,10500.820119440565,0.022783549252942195,50.12401430013169
21:00:00,Unknown,1.03532,430.37000048160553,0.024458766887151304,41.18558938426245
21:00:00,Unknown,1.03124,975.5800001621246,0.02639882673197884,38.622174027339646
21:00:00,Unknown,1.101715,930.1500133276002,0.0289565884844041,63.22861222900168
21:00:00,Unknown,1.0631,155.2400002330542,0.02130113319822234,45.8257805657956
21:00:00,Unknown,1.104755,1239.950030326846,0.021096806713361217,60.418585510200074
21:00:00,Unknown,1.10368,953.2000168561956,0.020520294506785122,55.91454303137995
21:00:00,High Impact Event,1.1061450000000002,2831.420038253073,0.020468722754125604,53.910249620449875
21:00:00,High Impact Event,1.079615,5176.790059655909,0.021179346142202553,46.21627174359677
21:00:00,High Impact Event,1.09451,5228.180036388343,0.019470381301634445,55.48808708369586
21:00:00,Unknown,1.04375,1739.5400000214577,0.0204785141852098,43.94008489143017
21:00:00,Unknown,1.11425,2219.3200379610107,0.021177508598935527,60.47795102609439
21:00:00,High Impact Event,1.078075,4544.780104339135,0.024283723862610435,46.06385758866119
21:00:00,High Impact Event,1.06662,6066.590108126409,0.023700330172633646,47.925596570916746
21:00:00,High Impact Event,1.064975,9056.36003033817,0.022579660620143282,54.3917790622993
21:00:00,Unknown,1.042785,791.9400002360344,0.019595254371741682,34.85054347826096
21:00:00,High Impact Event,1.07545,8766.500240534559,0.014972138777272603,53.361724958921606
21:00:00,Unknown,1.10553,1518.6700446605726,0.015580386783255016,57.93866811830878
21:00:00,Unknown,1.10747,1243.9500415325203,0.015411015802573126,62.64542803115284
21:00:00,Unknown,1.032095,427.259999871254,0.020346687195609215,42.91485573149012
21:00:00,High Impact Event,1.088435,8993.259977310894,0.026426419391604887,47.45257573725545
21:00:00,Unknown,1.188065,353.5700015425681,0.04054675884693164,60.78211413122736
21:00:00,High Impact Event,1.20729,18210.67825127393,0.04062634901028679,71.62447387585323
21:00:00,High Impact Event,0.878565,32756.15049713853,0.17180126991261846,48.20342199428221
21:00:00,High Impact Event,0.905825,36979.44095653308,0.0758039921632879,48.98178485961222
21:00:00,High Impact Event,0.917975,61254.08998209237,0.13081994687782597,49.826048627673224
21:00:00,Unknown,1.132005,3645.675002135337,0.09608195295429749,63.18241582347224
21:00:00,High Impact Event,0.91508,16043.360067695405,0.06922104104431974,38.013796611247095
21:00:00,Unknown,1.021745,681.0299912095069,0.06820893268930597,58.47169619910726
21:00:00,High Impact Event,0.891875,56022.74015289545,0.09367934849408355,48.219557751400856
21:00:00,High Impact Event,0.882565,39735.969510510535,0.1067815024205656,39.63110959098379
21:00:00,High Impact Event,0.9004099999999999,30009.660642325965,0.15510639448817146,41.647746885602906
21:00:00,High Impact Event,0.891905,62796.449031762815,0.17871862971065686,49.07197187204607
21:00:00,Unknown,1.175665,1130.770003952086,0.02401611707833875,63.031339531076426
21:00:00,High Impact Event,1.106095,9344.989941582084,0.027059076005955075,56.440360728262704
21:00:00,Unknown,1.177515,1632.415014721454,0.03234339713955443,61.97743313740764
21:00:00,High Impact Event,1.029985,25229.070052661005,0.06550351821792492,48.0994009012379
21:00:00,Unknown,1.07469,890.2199974656103,0.028349404477613343,31.243490016177944
21:00:00,Unknown,1.16106,2494.320000849664,0.029816081387390427,72.97959511568128
21:00:00,Unknown,1.21414,1036.4200242832303,0.04593989085043367,66.0527687458115
21:00:00,High Impact Event,1.097245,15403.069970548157,0.07711770098824947,45.28076528130573
21:00:00,High Impact Event,0.98765,34891.870001316056,0.07563361544241738,38.170611018119175
21:00:00,High Impact Event,1.213425,10854.765008911492,0.07106054314713046,61.34065060764866
21:00:00,High Impact Event,1.083685,17135.69911640137,0.0628135688035472,55.21900876035042
21:00:00,High Impact Event,1.09646,10501.769991792744,0.05219071742622972,35.79414814480863
21:00:00,High Impact Event,0.99705,27455.38995722681,0.0644994513555029,46.98428297117144
21:00:00,Unknown,1.132015,5350.86997704953,0.043958455645795855,74.02633595763955
21:00:00,High Impact Event,1.08853,19911.060348473515,0.04791520885078413,50.66002591512797
21:00:00,Unknown,1.18885,1393.930999191478,0.039234455429360056,64.9074769680914
21:00:00,Unknown,1.1759849999999998,1408.9350131601095,0.04776472887857575,60.60350267576892
21:00:00,High Impact Event,1.0971099999999998,16489.640044815846,0.052336746360701916,52.87620961271461
21:00:00,Unknown,1.1739350000000002,1617.9949975684283,0.04891678287577961,61.06296066068736
21:00:00,High Impact Event,1.089415,19145.73993985355,0.0512779049942707,50.40491779189185
21:00:00,Unknown,1.178165,1704.179999679327,0.05530110779585932,64.46871701286386
22:00:00,High Impact Event,0.984925,57074.27977398038,0.07315899690882566,44.53786368495566
22:00:00,High Impact Event,0.915485,37794.4205111489,0.1644136370760827,45.22591029622674
22:00:00,High Impact Event,1.133925,17387.80031296613,0.18719860196941207,53.53462788966066
22:00:00,High Impact Event,0.91913,22825.950354702796,0.1911885838589507,47.1018929115097
22:00:00,High Impact Event,0.98183,37053.95963081718,0.16861868680463027,49.189325537081324
22:00:00,High Impact Event,1.217905,5355.597975850105,0.2136823890493766,56.17270999802185
22:00:00,High Impact Event,0.969915,25154.65987545252,0.20848680696656116,51.4584540550246
22:00:00,High Impact Event,0.880535,31227.750601410917,0.17988059341128415,43.443517273885796
22:00:00,High Impact Event,1.1144500000000002,21957.8504955769,0.055478942490383445,52.94198771212445
22:00:00,High Impact Event,1.03217,13856.789924122397,0.06843427456524823,36.006178152087074
22:00:00,Unknown,1.172445,1545.4600076600914,0.046103858223718396,61.51543566070398
22:00:00,Unknown,1.172575,2535.334207423032,0.03879045532450141,60.09253831859619
22:00:00,High Impact Event,1.14276,14774.170187242353,0.03945362609874041,55.33199195171025
22:00:00,Unknown,1.21192,506.6311995927244,0.045439307755254864,62.49917417771697
22:00:00,High Impact Event,1.082325,24272.85972192883,0.0482041634028725,47.34255093215979
22:00:00,Unknown,1.122725,10341.350079268228,0.04170284148860298,39.335971592879076
22:00:00,Unknown,1.21394,2827.375000864268,0.03826654702219275,64.52511970270848
22:00:00,High Impact Event,1.0067849999999998,21389.991793334488,0.05569410145573191,41.07199518350678
22:00:00,Unknown,1.08183,2105.09001243114,0.04185502576281867,64.09138559329082
22:00:00,High Impact Event,0.9801,16186.68982226402,0.041913290403010894,35.27196823967587
22:00:00,Unknown,1.1610200000000002,999.4300010204316,0.04418177623212927,59.359321838417635
22:00:00,Unknown,1.19126,1582.1499957740305,0.05453131534046605,69.35791422966209
22:00:00,High Impact Event,1.1025999999999998,23746.100564502227,0.05903896037504101,44.394227263131604
22:00:00,Unknown,1.05984,4948.679956138135,0.02594297047157417,36.20805796784821
22:00:00,High Impact Event,1.03771,13069.979983113704,0.027622739722073863,41.78324365872404
22:00:00,Unknown,1.08028,1059.0099970102308,0.02495896835995281,57.60503100707483
22:00:00,Unknown,1.1293449999999998,1701.3900041133168,0.025235146061057107,62.67743175701651
22:00:00,Unknown,1.210855,1189.980001397431,0.031391801418346944,67.12958933744454
22:00:00,Unknown,1.17564,2549.085001915693,0.044420026819944766,68.32300101214574
22:00:00,High Impact Event,1.116575,14007.620263129498,0.050184383899534765,47.909261293866734
22:00:00,High Impact Event,1.07777,16358.95982346684,0.05102606669062489,41.728147651332094
22:00:00,High Impact Event,1.11669,10480.279900610449,0.030943883256040274,60.433133101485915
22:00:00,Unknown,1.216755,2333.1725402940065,0.04076668695817804,60.96442619032098
22:00:00,Unknown,1.066685,1013.1899995803832,0.0460110976449738,63.08621656327434
22:00:00,High Impact Event,1.099085,9428.890127822771,0.05213810075982385,52.18857714688115
22:00:00,High Impact Event,1.090945,12088.2201081738,0.03562986356717829,49.296201723587615
22:00:00,Unknown,1.03989,4345.419995129108,0.028909302203316792,43.58968441700803
22:00:00,Unknown,1.01947,7785.809844903651,0.030000340191492062,36.5749386855073
22:00:00,High Impact Event,0.98149,12398.46991890668,0.03709509141581215,38.08042004115267
22:00:00,High Impact Event,1.076305,11575.670280680084,0.04331224766541782,51.86383506006264
22:00:00,High Impact Event,0.97188,23275.049918286517,0.04278429846930542,23.83146599337229
22:00:00,High Impact Event,0.982915,19862.885797098283,0.04910362668792508,38.436160076226756
22:00:00,High Impact Event,1.06944,20841.54187007248,0.05726100163255888,43.476367436999205
22:00:00,Unknown,1.07273,1678.5000160336515,0.047981732038177224,46.37652351310353
22:00:00,High Impact Event,1.00037,9181.539928615091,0.039212306455764685,43.90428720573873
22:00:00,High Impact Event,1.072275,21931.149814859014,0.054923431578645564,49.00429551850694
22:00:00,Unknown,1.19019,1224.0850024670362,0.05736410249349977,65.9851113281908
22:00:00,Unknown,1.08087,7533.550127327453,0.06106865721727026,50.40231991204728
22:00:00,Unknown,1.2178,561.6644006520511,0.06646119445945889,64.90089915885139
22:00:00,High Impact Event,1.081945,20674.899674855176,0.041578001585789795,48.33398305258623
22:00:00,High Impact Event,1.07274,18373.359765499838,0.03664170392955037,50.48882522792896
22:00:00,Unknown,1.232785,1443.1189977973695,0.04696279888968403,67.73919055469872
22:00:00,High Impact Event,1.10681,25885.0002216995,0.05322598423452681,52.11237629030541
22:00:00,High Impact Event,1.00022,29827.820459224324,0.13812955008569716,52.04302536098125
22:00:00,High Impact Event,0.884205,21276.81036752465,0.19161726240296978,50.153076742806135
23:00:00,High Impact Event,1.01566,33678.25980708748,0.06615054283982835,46.17370723660619
23:00:00,High Impact Event,0.9908,25648.6098233536,0.09634662243130224,41.6346374014589
23:00:00,High Impact Event,1.06813,53299.26930182428,0.06265836899528962,48.962947433912
23:00:00,High Impact Event,0.99285,46069.619494386025,0.06392037772647782,44.661462850534846
23:00:00,High Impact Event,1.01776,12385.429852731528,0.08126521612273792,38.5785806641379
23:00:00,High Impact Event,1.04178,29033.26976572723,0.0721388745550099,43.93686336900336
23:00:00,High Impact Event,1.062045,16040.66992131621,0.0723423378781727,42.43304377376123
23:00:00,High Impact Event,0.94358,29051.91008489578,0.06657067110762085,37.0795409576573
23:00:00,High Impact Event,0.94208,10070.39998811484,0.055801451644758304,35.45506912442394
23:00:00,High Impact Event,1.0915050000000002,16182.760374784502,0.06672489450146779,68.72628987885517
23:00:00,High Impact Event,0.860705,23352.33013892176,0.05464392851444431,31.775882288423745
23:00:00,Hidden Accumulation,0.92649,14722.150309741515,0.07813225229318997,39.1343710961077
23:00:00,High Impact Event,1.07381,24522.880809128357,0.022131367662772815,57.390304255393275
23:00:00,Unknown,1.10696,8581.360055089,0.02192161208028397,60.4464574571336
23:00:00,High Impact Event,1.0481,12148.99001955986,0.025663988369512915,42.64281118670519
23:00:00,High Impact Event,1.068105,20173.80058645462,0.028637844729921546,48.53888132882537
23:00:00,High Impact Event,1.0767,15539.320290088675,0.03421319151211054,49.41441711059238
23:00:00,High Impact Event,1.112005,11057.640105247508,0.03198423328100455,50.70767555797493
23:00:00,High Impact Event,1.127425,15531.800106883064,0.019803671848308117,52.91290481965592
23:00:00,Unknown,1.068625,163.46000164747252,0.01667503355142585,47.62181233531329
23:00:00,Unknown,1.0711,5128.400149106992,0.015330547485854834,39.43869252020347
23:00:00,Unknown,1.07453,4662.160058856015,0.017225768080172253,37.94251065672801
23:00:00,High Impact Event,1.121895,13849.23005807401,0.019524169244330657,54.781131363131095
23:00:00,High Impact Event,1.075705,16448.36039695147,0.02040396699937476,51.86773905272561
23:00:00,High Impact Event,1.1174149999999998,9328.080290675189,0.021301560435122033,60.66654288897136
23:00:00,High Impact Event,1.12005,9798.78001940251,0.023220795278018198,58.020243609538525
23:00:00,High Impact Event,1.063895,13662.090235114116,0.02634391380368948,44.15474596575295
23:00:00,Unknown,0.91977,1210.0500006675725,0.051787682479461916,34.44676046552023
23:00:00,High Impact Event,0.95292,32587.68042618038,0.09229828252934962,43.33930928732425
23:00:00,High Impact Event,0.92659,19233.940301418326,0.08755341935508937,39.776549012790596
23:00:00,High Impact Event,0.96782,25410.43003487588,0.10371536836508236,55.70538640514373
23:00:00,High Impact Event,0.95118,19204.20012509824,0.09002620667523639,53.1163707080039
23:00:00,High Impact Event,0.92025,11218.82021331789,0.07649659425361491,38.43738250080073
23:00:00,Unknown,1.084615,970.800000667572,0.09192188973725894,58.71591742405724
23:00:00,High Impact Event,0.958525,19558.880066216,0.09513059254825985,44.63550163132137
23:00:00,High Impact Event,0.99769,38421.1904675812,0.10810629315878631,51.620155500864364
23:00:00,High Impact Event,0.856355,14053.910172343269,0.06496538045213492,45.823658613115775
23:00:00,High Impact Event,0.931565,13607.550391912491,0.06678071426540251,38.96687430775395
23:00:00,High Impact Event,0.84353,13546.580186426654,0.06810546993995722,34.85806895196937
23:00:00,Unknown,1.06456,3568.3700592517903,0.07882141514326313,63.23695110532746
23:00:00,Unknown,1.097385,5816.4300834909145,0.08228252677495919,58.950552889630714
23:00:00,High Impact Event,0.89843,10520.11023032667,0.06911352309450967,33.15553749375597
23:00:00,High Impact Event,1.093735,17950.820412337816,0.07700298434294013,65.42012890273341
23:00:00,High Impact Event,1.142505,16254.240173101443,0.028503328141127313,61.12535090931284
23:00:00,High Impact Event,1.137675,15290.010274291066,0.03299352017370214,51.988768129567646
23:00:00,High Impact Event,1.078585,16099.410288333916,0.028885171304063307,49.23040164985788
23:00:00,High Impact Event,1.07499,12919.030267953896,0.035357153941920454,49.143676176725975
23:00:00,High Impact Event,1.11321,9527.670126676572,0.02286501338849164,57.316587583369284
23:00:00,High Impact Event,1.09705,16891.670516967817,0.025305879583709123,57.57832616309754
23:00:00,Hidden Accumulation,1.071625,14846.329980850218,0.02762037747153324,47.77986885053078
23:00:00,Unknown,1.11196,9371.860110044488,0.027905257746867702,64.01508568250547
23:00:00,High Impact Event,1.09255,15654.420201800784,0.02573335540870587,56.426088646127916
23:00:00,High Impact Event,1.10842,9837.310247063657,0.021612592430443812,60.180781044317676
23:00:00,High Impact Event,1.08406,10532.160169653607,0.02819646230845582,57.30461019368655
23:00:00,High Impact Event,1.105825,9232.810306906727,0.025239574616870656,59.31827047138953
23:00:00,High Impact Event,1.05409,10060.19018924238,0.0285336765041106,52.11639274582037
23:00:00,High Impact Event,1.07652,8462.510178565979,0.024196526570656227,47.17802000331023
23:00:00,High Impact Event,1.102235,13203.780392527617,0.027571827170479308,52.17530561042011
23:00:00,High Impact Event,1.137775,13986.200191378615,0.03647849884904226,56.66625353509177
23:00:00,Unknown,1.05501,2100.0800031423573,0.03706379987453031,33.307113612069145
23:00:00,High Impact Event,1.10548,40397.58054247504,0.01937669624661664,48.91139830015138
23:00:00,High Impact Event,1.09721,22859.520376861128,0.026697287892465633,52.0190623237032
23:00:00,High Impact Event,1.13686,11373.470117449771,0.021824475190779156,62.90540119934432
23:00:00,High Impact Event,1.069455,25131.93065303569,0.02262296574981121,44.03905822230335
23:00:00,High Impact Event,1.07689,27608.690233469028,0.022663443136382244,49.84530365239048
23:00:00,Unknown,1.07165,6353.600122213374,0.02529841555537482,49.68017366136034
23:00:00,Unknown,1.049935,4582.590005993844,0.025692456655510156,35.7132291307135
23:00:00,Unknown,1.07222,11625.010018825533,0.025703829397383592,47.11135919620427
23:00:00,High Impact Event,1.0845250000000002,26892.810461938418,0.031666530563697434,49.76836103281824
23:00:00,Unknown,1.136555,9098.340066909795,0.026678366516346908,59.23560130174823
23:00:00,Unknown,1.115835,8968.350095033657,0.025408799236656097,64.50823280795986
23:00:00,Unknown,1.03713,2182.340005755425,0.023735525317600495,43.154590191752966
23:00:00,High Impact Event,1.13441,12990.270187497155,0.02814078571377529,56.30413231764582
23:00:00,High Impact Event,1.062675,8408.270121812831,0.022645915666905866,44.879247026777236
23:00:00,Unknown,1.085725,2587.5300264358484,0.019156535566120254,56.75156174915909
23:00:00,High Impact Event,1.001925,17965.469801783565,0.024919875741915332,32.67239572416686
23:00:00,Unknown,0.917155,1284.8400026559832,0.030591216621609275,24.20910403950988
23:00:00,Unknown,0.8946099999999999,1074.630005121231,0.030696717428566708,23.280265240897293
23:00:00,High Impact Event,0.92475,8877.150064706808,0.07085658229987336,32.718264595607934
23:00:00,Unknown,0.8603799999999999,2052.4400181770343,0.04728033479425932,36.53130223370309
23:00:00,Unknown,1.076205,6289.9600175619125,0.07332907535366255,69.5079702799345
23:00:00,High Impact Event,0.98478,15838.02009129526,0.070995479272384,55.22581965922333
23:00:00,High Impact Event,1.053965,15072.48992666602,0.07227716306366962,60.43482328557138
23:00:00,Unknown,0.906765,6463.34004926682,0.06712177322435817,33.7960746768789
23:00:00,Unknown,0.88809,793.4600030183796,0.08355242968613107,38.294440065260034
23:00:00,High Impact Event,0.90051,14059.460040688517,0.06083658377643925,33.04343553459121
23:00:00,Unknown,1.061105,2504.7400038242345,0.07256294808472452,67.8577695205656
23:00:00,High Impact Event,1.07894,29528.539774574343,0.09459121832869834,45.90664680786611
23:00:00,High Impact Event,0.98599,101204.4789285362,0.06404076905413052,44.73738066861689
23:00:00,High Impact Event,1.08737,18982.790712475777,0.09780469600054979,52.907006499820874
23:00:00,High Impact Event,1.035755,29043.28993532807,0.08732969295229566,41.24693110818387
23:00:00,High Impact Event,0.94105,18303.650134496405,0.10041221910213444,39.98765610431906
23:00:00,High Impact Event,0.924345,11144.72001101821,0.07711468302763719,50.540401441070514
23:00:00,High Impact Event,1.10228,10750.390344142945,0.088828828574232,62.839438543571205
23:00:00,High Impact Event,0.95457,15217.62002098561,0.07400601816897846,55.94362148850648
23:00:00,Unknown,0.91446,440.0500009059906,0.0725946423078541,28.82954980950879
23:00:00,High Impact Event,0.943875,23336.020203471195,0.07682956591472768,46.59082061663033
23:00:00,Unknown,1.040785,2053.0600036382675,0.06443815281398058,57.997502142058416
23:00:00,High Impact Event,0.929465,17709.980001926426,0.07052510946277567,48.20303306903036
23:00:00,High Impact Event,0.996835,16583.70019882174,0.07898713818551996,41.93694490640812
23:00:00,Unknown,1.05716,5482.380079984672,0.07310791748915826,65.50346241553171
23:00:00,High Impact Event,1.09389,7105.750104904183,0.07234962262179832,61.02903922562065
23:00:00,High Impact Event,0.929455,7086.220095932487,0.048447256630266715,57.87133233631997
23:00:00,Unknown,0.995955,3757.710061669355,0.049054782986466317,59.97938118407324
23:00:00,High Impact Event,1.060565,9126.110122442256,0.06198791302074009,60.569707938592636
23:00:00,High Impact Event,0.99455,15319.07008957864,0.06930835388818592,56.97893444284165
23:00:00,Unknown,0.92307,2097.6400381326707,0.07770321029225556,34.42071482096894
23:00:00,High Impact Event,0.84253,15971.710112452516,0.08595002710899934,45.03308605578966
23:00:00,High Impact Event,0.91924,20857.080440349902,0.09335790166524692,53.66836379619794
23:00:00,High Impact Event,0.949735,15566.799967288976,0.07955588181525672,53.96554087284631
23:00:00,High Impact Event,1.092515,9323.190118670473,0.06098239416704278,65.33758063001568
23:00:00,Unknown,1.03884,2385.890005111695,0.06810528828836032,60.21764009853936
23:00:00,High Impact Event,1.07513,12188.530121564869,0.06017405907496776,65.07267728283614
23:00:00,Unknown,1.035485,1040.950001835823,0.06614164676378925,59.39572826667709
23:00:00,Unknown,0.90513,2844.330066323285,0.055476671758729654,34.61138211382111
23:00:00,Unknown,0.887155,3780.050003170967,0.0381124275936688,42.18973332788826
23:00:00,High Impact Event,0.924435,8556.600189447418,0.02799384051088568,49.67877127132889
23:00:00,High Impact Event,0.885235,8000.539976477631,0.02454197189027972,46.026497130544236
23:00:00,Unknown,0.87856,2299.5800234079406,0.024484837224897266,42.05465146636497
23:00:00,Unknown,1.064705,3902.060017466549,0.05350040050963254,76.92590174636854
23:00:00,Unknown,1.07425,4412.030053138737,0.07608215391460607,62.78055710895818
